CUST_ID,BALANCE,BALANCE_FREQUENCY,PURCHASES,ONEOFF_PURCHASES,INSTALLMENTS_PURCHASES,CASH_ADVANCE,PURCHASES_FREQUENCY,ONEOFF_PURCHASES_FREQUENCY,PURCHASES_INSTALLMENTS_FREQUENCY,CASH_ADVANCE_FREQUENCY,CASH_ADVANCE_TRX,PURCHASES_TRX,CREDIT_LIMIT,PAYMENTS,MINIMUM_PAYMENTS,PRC_FULL_PAYMENT,TENURE
C10000,3180.38,0.99,5060.17,2710.82,960.45,139.58,0.58,0.16,0.5,0.18,10,26,12289.07,2320.6,759.26,0.17,12
C10001,835.33,0.66,948.89,386.01,439.37,84.19,0.98,0.5,0.43,0.15,6,57,3807.41,916.95,102.43,0.56,8
C10002,3188.27,0.49,81.07,45.72,35.11,2195.1,0.15,0.04,0.99,0.86,0,22,6205.53,3347.5,796.9,0.23,11
C10003,3770.91,0.55,2795.91,844.19,562.0,0.0,0.09,0.54,0.93,0.13,16,16,8726.11,4031.74,342.83,0.19,8
C10004,270.3,0.52,33.43,15.07,14.06,268.29,0.03,0.18,0.67,0.07,13,1,1719.89,209.96,16.23,0.2,12
C10005,3416.67,0.56,214.33,137.85,37.84,2000.04,0.77,0.73,0.54,0.7,17,32,7550.84,2854.52,311.81,0.11,12
C10006,3487.61,0.22,3252.16,1730.85,357.56,274.76,0.92,0.87,0.27,0.12,4,30,9400.83,3143.36,388.67,0.19,12
C10007,3783.29,0.4,4088.3,1652.69,1980.57,30.45,0.84,0.76,0.62,0.15,3,45,6652.18,2399.62,236.77,0.21,11
C10008,136.12,0.99,53.95,35.44,21.83,10.59,0.94,0.06,0.83,0.1,4,10,1934.95,102.58,10.54,0.19,10
C10009,1963.05,0.94,662.59,202.83,195.87,129.27,0.55,0.5,0.98,0.18,7,18,5077.49,1656.4,246.71,0.43,12
C10010,1688.54,0.24,1000.89,653.75,437.67,129.0,0.76,0.11,0.17,0.08,7,14,4314.14,1636.64,444.28,0.85,12
C10011,1803.66,0.98,67.0,40.46,8.73,1584.32,0.34,0.41,0.27,0.39,15,32,4669.63,1469.35,475.93,0.08,12
C10012,1166.0,0.83,1090.19,390.89,431.58,114.87,0.77,0.84,0.88,0.09,19,16,2426.77,709.19,347.93,0.52,12
C10013,3655.63,0.2,3194.02,1038.57,1541.21,49.75,0.75,0.04,0.86,0.14,0,25,6783.33,2915.64,272.35,0.01,8
C10014,1810.52,0.93,947.76,644.94,405.11,0.0,0.44,0.25,0.72,0.01,10,55,4723.58,1578.7,91.36,0.61,12
C10015,311.36,0.97,6.37,2.08,1.74,122.65,0.04,0.83,0.1,0.07,12,23,1478.32,297.52,59.6,0.1,12
C10016,1270.52,0.7,1000.92,690.14,238.74,0.0,0.27,0.41,0.71,0.15,4,58,4477.67,1394.6,255.13,0.75,10
C10017,259.86,0.83,61.07,28.6,27.91,0.0,0.89,0.24,0.47,0.11,8,3,1615.84,172.22,28.34,0.02,10
C10018,5357.27,0.47,1574.19,694.85,340.97,69.55,0.59,0.95,0.37,0.06,14,27,8852.39,4777.66,1335.36,0.28,11
C10019,1721.84,0.66,916.92,513.49,435.52,134.45,0.41,0.16,0.25,0.13,10,1,3922.46,1363.97,497.59,0.74,11
C10020,4615.89,0.79,2817.82,1404.45,642.29,259.02,0.95,0.79,0.32,0.18,1,33,9720.7,4527.56,613.55,0.04,11
C10021,1042.0,0.65,856.71,390.68,128.51,178.34,0.37,0.18,0.54,0.1,8,17,3183.79,1158.69,298.49,0.85,12
C10022,2322.31,0.44,252.2,140.24,49.02,2202.85,0.33,0.96,0.16,0.9,6,11,6333.7,1936.73,176.65,0.09,8
C10023,3021.03,0.72,140.31,61.74,43.19,2509.51,0.77,0.79,0.51,0.49,3,54,3049.49,3295.71,510.28,0.26,12
C10024,4390.93,0.87,2564.65,804.64,390.96,129.35,0.36,0.28,0.05,0.09,2,39,9789.65,2201.68,435.99,0.26,12
C10025,139.71,0.87,64.45,40.6,16.24,300.46,0.45,0.98,0.41,0.06,6,11,500.0,159.07,27.4,0.24,10
C10026,1799.37,0.31,1356.04,685.96,626.95,0.0,0.72,0.11,0.96,0.2,17,42,2138.25,1892.83,121.97,0.7,12
C10027,301.1,0.56,75.77,43.54,10.42,66.94,0.43,0.86,0.74,0.04,17,3,1299.45,178.76,53.02,0.28,11
C10028,172.02,0.23,62.68,33.22,21.68,73.19,0.32,0.7,0.07,0.19,3,30,587.0,167.33,16.05,0.08,9
C10029,3371.22,0.71,4359.06,2378.64,1139.92,171.48,0.02,0.17,0.69,0.08,12,37,10983.61,2899.12,520.39,0.2,12
C10030,3768.1,0.39,4322.87,1675.44,1551.83,21.7,0.86,0.55,0.2,0.1,14,8,8916.92,4444.44,836.57,0.16,11
C10031,1713.22,0.94,130.57,87.98,38.63,1128.24,0.53,0.01,0.47,0.72,9,57,5877.42,1221.6,228.62,0.13,11
C10032,289.71,0.69,0.0,0.0,0.0,146.37,0.85,0.57,0.29,0.05,0,5,2207.22,268.36,53.63,0.06,12
C10033,1272.38,0.52,567.83,379.34,148.2,165.07,0.62,0.58,0.93,0.05,14,3,2270.09,1101.89,372.65,0.58,12
C10034,1001.67,0.79,809.62,504.21,245.62,163.62,0.2,0.41,0.05,0.08,3,29,2259.88,655.88,269.28,0.86,12
C10035,320.98,0.37,0.0,0.0,0.0,223.07,0.36,0.82,0.88,0.15,3,44,2305.27,343.31,96.05,0.2,12
C10036,203.41,0.27,97.75,47.32,28.95,96.06,0.42,0.93,0.7,0.14,5,32,1220.48,207.5,19.17,0.28,12
C10037,1297.21,0.27,1136.89,351.37,165.86,142.41,0.74,0.53,0.36,0.2,1,6,5009.18,1142.7,225.11,0.6,12
C10038,88.6,0.67,97.46,41.53,32.48,41.08,0.55,0.67,0.88,0.02,18,5,500.0,102.85,21.8,0.02,12
C10039,4070.29,0.91,2935.61,1661.39,795.43,22.82,0.64,0.15,0.41,0.15,10,8,8541.4,4675.4,1148.84,0.03,9
C10040,612.06,0.38,984.8,425.69,407.06,241.19,0.75,1.0,0.7,0.04,16,58,3774.98,656.49,67.46,0.45,12
C10041,4243.07,0.81,3443.14,1169.47,920.66,35.03,0.27,0.86,0.79,0.1,0,56,7394.99,2574.13,1259.93,0.08,7
C10042,3926.77,0.23,3576.72,1813.77,1259.86,151.3,0.88,0.95,0.29,0.04,3,4,10849.73,4421.18,629.61,0.07,11
C10043,363.89,0.48,36.51,13.21,4.51,142.48,0.45,0.78,0.07,0.19,2,42,1110.13,259.84,88.43,0.12,12
C10044,5771.32,0.72,3335.44,1409.18,1280.83,194.0,0.66,0.32,0.87,0.1,1,49,8662.25,5188.73,1036.51,0.22,11
C10045,3638.44,0.86,3658.65,1832.12,1767.03,0.0,0.22,0.22,0.23,0.09,14,33,8950.66,4301.81,452.62,0.19,7
C10046,1178.66,0.95,918.07,318.12,256.24,171.3,0.23,0.51,0.93,0.06,3,9,3312.46,779.89,91.02,0.46,12
C10047,482.37,0.71,36.07,12.44,3.75,95.36,0.73,0.08,0.32,0.09,18,9,1131.69,308.64,43.64,0.27,12
C10048,4201.48,0.57,3243.23,1245.52,1107.43,52.01,0.35,0.55,0.41,0.02,14,41,8108.19,4606.31,890.08,0.29,12
C10049,329.1,0.25,61.34,32.92,9.7,79.93,0.88,0.37,0.43,0.14,5,33,1552.13,167.56,62.02,0.24,12
C10050,20.38,0.42,0.0,0.0,0.0,182.94,0.66,0.73,0.47,0.11,5,10,964.41,12.68,3.22,0.06,11
C10051,314.86,0.94,66.29,26.23,7.49,158.5,0.67,0.63,0.96,0.02,7,3,2050.4,229.58,65.03,0.24,12
C10052,3111.26,0.67,2081.67,1223.87,576.88,89.77,0.38,0.25,0.25,0.02,10,25,8533.87,3163.52,550.22,0.16,12
C10053,4951.03,0.47,1979.0,743.61,890.14,8.87,0.9,0.73,0.61,0.06,13,23,5638.76,4140.67,422.47,0.01,12
C10054,4500.54,0.4,4192.72,2323.63,646.33,14.52,0.94,0.31,0.29,0.09,8,58,9146.47,3489.4,519.31,0.2,9
C10055,2988.37,0.29,4279.23,1519.5,1280.9,160.24,0.26,0.25,0.13,0.04,16,42,8208.8,3416.06,472.01,0.29,12
C10056,1481.83,0.8,988.43,630.77,199.22,0.0,0.51,0.42,0.29,0.03,15,25,2936.21,1525.01,221.47,0.32,12
C10057,1505.34,0.53,836.55,499.42,171.0,90.55,0.91,0.16,0.55,0.02,5,34,3542.63,1419.5,414.92,0.35,12
C10058,116.02,0.95,65.76,37.64,23.5,314.49,0.1,0.33,0.61,0.06,7,31,1516.78,85.63,33.12,0.07,12
C10059,172.55,0.56,51.24,15.67,20.46,136.76,0.3,0.26,0.26,0.13,16,40,1929.23,190.02,31.67,0.17,12
C10060,4127.44,0.85,2863.84,1817.29,1286.76,159.38,0.95,0.02,0.99,0.14,14,34,8191.16,2794.95,480.49,0.24,12
C10061,1610.37,0.3,1009.42,363.73,213.29,15.12,0.48,0.3,0.36,0.06,19,6,2834.89,1871.48,402.14,0.38,11
C10062,595.51,0.32,363.1,186.41,46.59,1.82,0.95,0.47,0.83,0.09,1,31,3516.22,406.33,56.85,0.78,12
C10063,4465.48,0.42,2450.64,1496.52,678.61,163.67,0.38,0.83,0.04,0.13,1,45,8057.9,4796.19,772.71,0.28,9
C10064,1133.92,0.35,563.32,311.33,188.06,77.41,0.53,0.18,0.7,0.07,10,54,2162.76,1292.61,338.54,0.53,11
C10065,1161.67,0.98,970.39,609.02,384.11,193.89,0.45,0.33,0.3,0.2,4,57,3738.58,765.02,312.13,0.4,12
C10066,516.76,0.85,894.18,521.79,359.84,111.45,0.46,0.03,0.54,0.14,14,40,3699.01,341.38,145.93,0.45,7
C10067,411.92,0.48,0.0,0.0,0.0,384.51,0.92,0.08,0.84,0.12,14,54,1208.06,228.62,,0.28,12
C10068,226.0,0.62,94.2,39.52,10.59,62.21,0.69,0.36,0.72,0.1,8,1,1198.14,167.0,37.41,0.1,7
C10069,665.44,0.63,1037.7,468.67,510.96,131.13,0.95,0.5,0.36,0.1,0,5,2837.31,565.74,161.22,0.83,12
C10070,392.17,0.69,52.88,26.47,25.74,36.47,0.33,0.75,0.73,0.06,7,11,1447.75,219.68,34.9,0.14,12
C10071,1235.6,0.28,794.9,424.84,90.79,190.57,0.99,0.76,0.41,0.02,5,5,4514.14,744.37,299.31,0.78,8
C10072,2944.3,0.48,211.05,121.7,47.55,1502.41,0.71,0.91,0.06,0.49,7,39,3637.83,2342.22,398.8,0.08,12
C10073,332.23,0.27,114.45,59.77,46.49,31.1,0.13,0.91,0.67,0.18,16,30,1528.48,208.01,90.3,0.29,8
C10074,319.79,0.94,28.48,16.63,8.3,82.62,0.41,0.1,0.94,0.19,14,32,1584.56,333.05,49.38,0.29,12
C10075,379.03,0.52,92.84,33.45,9.46,217.75,0.25,0.11,0.08,0.08,13,31,1363.26,275.07,42.67,0.28,12
C10076,345.56,0.78,51.07,23.38,12.35,208.14,0.24,0.5,0.69,0.19,0,29,1534.45,183.99,96.49,0.11,12
C10077,4527.59,0.94,3995.88,2658.55,1324.94,0.0,0.93,0.59,0.84,0.14,12,51,9067.15,2753.53,1033.19,0.11,12
C10078,1355.92,0.45,1102.6,426.47,498.19,70.72,0.96,0.6,0.6,0.08,10,12,4913.87,969.58,224.73,0.55,12
C10079,4091.0,0.27,2826.93,1010.53,1220.39,253.71,0.01,0.49,0.49,0.18,12,22,8261.19,2463.0,1187.44,0.14,12
C10080,4589.47,0.47,2042.52,1221.27,977.4,94.63,0.14,0.98,0.24,0.19,8,5,9930.84,2987.22,920.63,0.07,12
C10081,1078.83,0.74,838.83,316.89,240.89,122.67,0.28,0.51,0.19,0.11,10,30,3629.72,695.43,212.27,0.62,12
C10082,4797.24,0.6,2866.71,1384.75,1202.04,190.15,0.85,0.94,0.4,0.16,6,20,7646.37,3804.59,673.09,0.26,12
C10083,341.51,0.26,27.57,16.12,3.87,1.43,0.61,0.99,0.64,0.16,15,12,1220.37,296.04,88.34,0.28,12
C10084,546.29,0.26,90.91,44.9,27.94,32.82,0.57,0.44,0.31,0.12,8,32,1043.86,511.22,107.25,0.13,12
C10085,228.89,0.76,0.0,0.0,0.0,82.1,0.6,0.13,0.49,0.08,17,56,930.6,260.15,47.02,0.13,12
C10086,4528.03,0.79,4885.69,3181.85,2127.91,204.37,0.95,0.33,0.6,0.03,18,46,9137.2,4444.94,1286.2,0.15,12
C10087,662.24,0.29,995.12,498.74,360.48,189.58,0.28,0.36,0.21,0.2,15,7,2409.01,423.18,77.8,0.85,9
C10088,0.0,0.84,79.22,54.21,12.65,165.58,0.12,0.89,0.74,0.01,10,21,2249.31,0.0,0.0,0.02,11
C10089,1510.63,0.48,582.32,242.66,100.64,96.87,0.61,0.96,0.63,0.03,9,54,3685.98,1526.73,381.72,0.45,12
C10090,354.68,0.25,28.59,11.25,10.62,198.37,0.97,0.17,0.59,0.07,10,12,500.0,315.16,23.35,0.06,6
C10091,4528.35,0.47,4447.86,2526.82,1024.02,95.79,0.71,0.02,0.48,0.08,15,53,10597.44,2801.0,1044.16,0.23,12
C10092,986.55,0.78,1048.59,554.82,243.04,154.24,0.89,0.83,0.36,0.05,17,53,3850.23,1037.11,254.13,0.74,10
C10093,1532.25,0.72,1196.79,479.25,525.45,180.96,0.9,0.56,0.55,0.02,15,3,4722.14,977.04,282.07,0.46,10
C10094,450.45,0.59,8.05,3.61,0.87,243.75,0.22,0.75,0.77,0.18,14,59,1289.46,333.79,35.04,0.29,12
C10095,907.0,0.42,517.15,203.35,132.91,103.49,0.69,0.33,0.71,0.1,9,46,3104.32,919.3,63.25,0.63,11
C10096,1039.6,0.53,932.27,368.05,182.06,78.99,0.86,0.16,0.74,0.19,5,29,2823.07,1225.22,58.1,0.73,12
C10097,332.27,0.51,114.54,51.2,12.7,211.61,0.1,0.26,0.21,0.18,6,20,1808.86,373.22,47.02,0.28,12
C10098,383.31,0.51,49.63,33.24,9.26,217.75,0.65,0.05,0.78,0.1,19,27,876.81,451.87,78.69,0.11,12
C10099,2900.47,0.59,188.44,119.46,32.73,2838.45,0.27,0.39,0.34,0.79,8,13,5557.15,2255.76,558.43,0.12,12
C10100,2763.01,0.56,157.82,79.69,47.63,2463.27,0.82,0.1,0.23,0.47,9,46,2195.53,2224.48,490.28,0.14,12
C10101,3605.71,0.28,2752.8,1351.92,754.48,205.52,0.22,0.46,0.12,0.2,9,24,9533.17,2213.94,556.41,0.21,7
C10102,489.52,0.43,2.05,0.64,0.59,0.0,0.37,0.8,0.83,0.12,7,26,1068.65,406.71,107.8,0.02,12
C10103,2912.11,0.3,141.42,68.58,63.8,1010.66,0.68,0.05,0.62,0.62,2,55,5060.29,3046.95,788.63,0.16,12
C10104,3125.68,0.68,3853.1,2117.32,1147.34,86.54,0.56,0.9,0.84,0.2,4,2,10350.24,1713.65,802.12,0.29,9
C10105,2842.4,0.54,3809.24,2329.11,1354.57,108.2,0.12,0.12,0.56,0.04,4,23,8583.4,2055.93,650.23,0.02,12
C10106,851.79,0.74,555.46,245.73,199.41,15.2,0.23,0.66,0.86,0.18,3,36,4489.1,977.76,104.84,0.48,12
C10107,491.55,0.27,60.39,40.33,18.52,117.75,0.89,0.24,0.56,0.16,2,14,1336.67,308.59,140.15,0.28,7
C10108,381.59,0.48,55.61,35.37,12.34,121.32,0.99,0.84,0.65,0.09,18,10,1900.94,270.16,101.24,0.25,11
C10109,2627.0,0.34,151.86,50.55,70.05,2240.28,0.69,0.01,0.06,0.59,1,31,4053.53,3032.98,753.8,0.0,12
C10110,1341.5,0.27,1237.31,818.08,340.59,262.68,0.01,0.42,0.67,0.12,2,11,3546.47,994.53,274.69,0.85,12
C10111,363.85,0.82,70.58,27.46,23.18,134.38,0.74,0.96,0.6,0.08,11,24,780.02,393.55,48.48,0.09,12
C10112,137.21,0.3,39.4,26.37,12.75,190.28,0.64,0.11,0.24,0.03,18,5,901.42,96.18,22.37,0.05,12
C10113,738.79,0.34,728.5,402.33,314.02,0.0,0.41,0.76,0.11,0.15,13,1,4333.89,502.31,97.4,0.39,9
C10114,506.83,0.49,18.16,8.44,5.7,0.0,0.23,0.73,0.35,0.15,2,44,1362.77,319.79,69.81,0.07,10
C10115,2346.28,0.43,316.09,150.01,89.38,1879.18,0.17,0.32,0.06,0.3,12,11,5987.42,1276.07,366.94,0.2,12
C10116,2874.47,0.94,3622.6,1902.28,1028.91,248.39,0.08,0.06,0.6,0.07,11,1,9069.43,2272.99,815.63,0.09,10
C10117,2417.8,0.99,3822.97,2437.33,1574.98,19.21,0.64,0.83,0.55,0.01,14,1,8945.66,2416.33,421.59,0.09,12
C10118,1316.02,0.54,1036.67,658.04,240.5,111.47,0.34,0.9,0.92,0.11,5,34,2457.48,1123.54,198.84,0.48,11
C10119,1231.8,0.36,1135.23,528.97,538.03,1.19,0.52,0.13,0.52,0.12,8,31,2953.95,967.12,258.48,0.77,12
C10120,162.91,0.6,1582.96,1012.48,694.35,42.51,0.53,0.85,0.73,0.17,19,34,2559.27,104.77,19.81,0.64,8
C10121,2022.19,0.6,1322.07,646.2,205.37,115.45,0.61,0.83,0.66,0.01,15,38,3251.04,1978.62,105.56,0.55,12
C10122,512.03,0.57,0.0,0.0,0.0,60.59,0.59,0.58,0.7,0.02,5,39,1624.37,346.64,119.03,0.29,7
C10123,2020.73,0.22,632.58,251.32,292.41,0.0,0.52,0.78,0.31,0.01,14,43,4022.93,1055.74,268.99,0.6,11
C10124,672.02,0.3,43.28,27.32,9.15,0.0,0.16,0.04,0.42,0.19,17,51,1255.63,789.75,73.5,0.05,12
C10125,875.04,0.31,789.43,432.63,179.25,0.0,0.03,0.5,0.12,0.1,14,12,3253.97,1014.82,160.79,0.7,10
C10126,151.54,0.48,106.49,50.31,19.91,138.13,0.58,0.97,0.65,0.05,12,5,1474.83,98.52,13.68,0.1,12
C10127,483.62,0.66,102.59,57.96,12.49,147.81,0.42,0.78,0.3,0.0,15,48,1544.35,322.58,57.79,0.15,12
C10128,120.62,0.9,22.54,14.53,6.57,147.4,0.41,0.27,0.55,0.02,10,4,1411.15,109.29,21.48,0.21,12
C10129,770.8,0.38,760.49,288.33,305.67,27.27,0.43,0.62,0.92,0.14,4,24,2386.31,616.02,226.3,0.85,11
C10130,290.15,0.82,30.92,14.13,11.25,180.48,0.11,0.21,0.68,0.1,9,36,1581.39,325.39,32.2,0.11,12
C10131,1927.21,0.38,160.64,72.63,17.84,2908.3,0.18,0.22,0.27,0.44,11,2,4094.59,1539.53,321.38,0.13,12
C10132,1484.59,0.23,783.57,258.9,242.4,100.58,0.66,0.19,0.51,0.05,15,58,3711.36,883.45,270.2,0.34,12
C10133,368.56,0.72,99.68,43.23,23.14,87.45,0.51,0.19,0.6,0.09,15,55,2556.43,325.31,84.12,0.0,9
C10134,925.72,0.37,418.87,253.3,149.42,48.07,0.61,0.5,0.85,0.12,2,50,5079.16,536.25,167.09,0.76,11
C10135,482.25,0.94,90.57,36.35,23.74,115.37,0.13,0.31,0.79,0.04,1,41,500.0,392.09,,0.18,12
C10136,2543.13,0.95,0.0,0.0,0.0,2003.79,0.81,0.78,0.32,0.88,3,47,5596.56,2299.23,676.61,0.01,12
C10137,1065.98,0.28,733.71,500.46,316.51,191.03,0.37,0.89,0.92,0.03,4,33,2904.23,1238.4,128.66,0.76,11
C10138,4655.01,0.36,3047.1,1187.12,1158.35,79.5,0.61,0.49,0.15,0.14,5,45,8934.6,3283.41,1205.25,0.13,12
C10139,105.32,0.37,49.85,23.12,15.27,143.09,0.47,0.19,0.28,0.12,9,2,2348.78,100.54,12.18,0.13,12
C10140,1606.81,0.93,1317.16,464.34,443.15,11.89,0.47,1.0,0.03,0.09,14,12,3783.2,803.61,405.46,0.35,12
C10141,1596.43,0.26,665.96,384.16,184.37,158.41,0.78,0.05,0.31,0.11,8,0,2463.51,1772.05,333.91,0.62,12
C10142,3072.4,0.8,254.54,125.46,106.36,2471.99,0.11,0.55,0.41,0.87,9,7,3046.92,2218.17,590.31,0.03,12
C10143,1599.39,0.43,1187.48,635.88,550.15,155.22,0.07,0.22,0.24,0.16,18,33,4181.21,1069.31,265.47,0.54,11
C10144,1182.37,0.67,667.17,407.96,333.34,337.53,0.1,0.94,0.01,0.15,15,45,4413.44,676.02,220.34,0.57,12
C10145,487.08,0.34,51.38,31.37,17.45,54.4,1.0,0.32,0.01,0.04,15,52,1432.46,511.27,52.92,0.05,10
C10146,276.18,0.85,92.51,46.84,34.48,333.82,0.93,0.96,0.92,0.18,15,9,1143.41,149.02,,0.02,10
C10147,976.03,0.74,506.61,330.78,131.69,139.25,0.7,0.97,0.73,0.08,0,38,3336.12,910.16,197.28,0.69,12
C10148,1896.93,0.22,950.55,639.5,98.28,40.03,0.45,0.94,0.7,0.09,14,44,5551.1,1367.44,275.8,0.72,12
C10149,292.64,0.39,52.26,28.86,19.93,36.36,0.09,0.79,0.79,0.11,9,0,1913.45,292.0,42.57,0.29,10
C10150,3590.35,0.57,1785.23,562.99,845.51,289.2,0.82,0.74,0.69,0.16,12,19,7585.87,4222.48,491.36,0.18,12
C10151,806.97,0.62,263.95,161.11,117.15,2827.53,0.19,0.95,0.06,0.67,15,38,4232.77,558.75,205.35,0.28,12
C10152,453.85,0.86,45.34,29.78,20.47,54.71,0.27,0.22,0.93,0.05,1,8,1481.88,423.81,66.31,0.23,12
C10153,1722.0,0.51,1314.52,687.04,342.89,83.72,0.84,0.81,0.43,0.19,13,20,4633.86,1307.65,335.93,0.54,11
C10154,176.32,0.94,96.37,55.91,37.14,134.46,0.26,0.11,0.45,0.19,17,27,1500.95,151.03,51.67,0.27,12
C10155,4312.36,0.36,5573.63,2465.87,1980.71,99.3,0.84,0.36,0.89,0.16,10,7,8109.73,2407.61,248.06,0.14,12
C10156,410.18,0.89,62.69,31.4,19.83,127.67,0.79,0.4,0.2,0.03,13,4,841.82,263.77,43.06,0.12,12
C10157,4728.99,0.92,3364.71,2083.57,540.53,241.89,0.84,1.0,0.31,0.12,1,48,8946.85,4993.65,1330.3,0.22,8
C10158,4158.86,0.7,2848.62,1852.7,940.55,9.76,0.67,0.32,0.86,0.09,15,5,6777.14,3083.61,953.11,0.22,8
C10159,4391.51,0.97,2717.12,940.36,596.23,151.57,0.35,0.55,0.52,0.02,18,34,9188.21,2198.86,632.88,0.11,12
C10160,229.75,0.53,65.8,20.19,25.1,94.17,0.65,0.63,0.42,0.02,7,25,2623.54,166.48,16.64,0.14,8
C10161,3288.86,0.76,105.99,47.64,50.66,3285.67,0.83,0.68,0.95,0.68,8,43,6232.61,3186.17,587.01,0.06,12
C10162,133.27,0.21,30.01,13.7,11.74,185.77,0.75,0.12,0.89,0.02,10,53,1396.07,157.28,32.78,0.04,8
C10163,97.15,0.42,42.18,25.7,8.6,0.0,0.86,0.56,0.89,0.05,2,9,1722.36,106.66,15.13,0.11,9
C10164,1025.28,0.65,986.4,299.31,282.21,0.0,0.98,0.63,0.21,0.03,1,56,1961.1,1055.84,267.59,0.79,11
C10165,1999.39,0.9,1020.88,618.25,332.75,117.96,0.69,0.9,0.84,0.12,1,6,4378.64,2300.34,245.17,0.87,12
C10166,4035.37,0.96,3169.97,1631.04,1237.75,88.95,0.93,0.96,0.66,0.15,3,52,9649.02,3880.42,701.31,0.05,12
C10167,3352.7,0.66,2778.34,1609.02,442.14,0.0,0.27,0.24,0.69,0.05,15,30,7473.42,2894.8,243.22,0.04,12
C10168,180.73,0.88,0.0,0.0,0.0,0.0,0.97,0.21,0.05,0.16,12,2,2422.07,158.63,32.78,0.26,12
C10169,3022.79,0.84,185.96,114.61,82.58,2425.89,0.91,0.68,0.56,0.37,12,31,6810.79,3509.36,801.84,0.21,12
C10170,71.56,0.82,85.22,40.47,9.46,137.04,0.04,0.49,0.22,0.07,1,52,1525.29,35.89,6.3,0.04,12
C10171,1512.7,0.29,1422.98,623.74,556.43,101.57,0.59,0.74,0.93,0.05,5,34,3471.99,1302.38,306.16,0.63,12
C10172,498.08,0.58,99.8,55.35,45.13,275.62,0.5,0.85,0.56,0.09,18,5,,517.18,64.03,0.15,12
C10173,2350.3,0.59,196.96,94.1,82.39,3061.01,0.82,0.01,0.62,0.77,10,44,5192.96,1237.85,325.17,0.17,12
C10174,196.83,0.83,0.0,0.0,0.0,241.54,0.13,0.88,0.24,0.15,1,50,1113.13,211.83,10.26,0.25,12
C10175,177.52,0.67,44.27,29.46,18.29,5.6,0.53,0.27,0.42,0.04,18,39,900.11,193.64,32.53,0.14,9
C10176,1268.02,0.86,769.39,453.41,236.36,2.61,0.5,0.97,0.53,0.19,11,24,3798.01,1098.76,375.75,0.51,12
C10177,2744.84,0.97,105.84,40.09,30.78,2233.12,0.4,0.43,0.81,0.65,9,40,8313.21,2964.83,,0.23,12
C10178,2450.08,0.64,272.01,162.13,30.67,1341.84,0.99,0.85,0.61,0.88,11,20,5155.98,1469.67,265.99,0.05,12
C10179,3360.96,0.83,1839.81,737.69,197.67,199.97,0.54,0.2,0.11,0.18,7,10,8198.52,3899.2,358.19,0.28,11
C10180,2073.63,0.65,151.17,71.43,53.78,1611.25,0.41,0.53,0.45,0.55,13,51,3201.58,1107.71,395.09,0.28,12
C10181,3468.01,0.7,75.38,29.17,15.84,1473.41,0.86,0.06,0.3,0.7,6,25,6224.11,1824.44,338.05,0.1,12
C10182,366.16,0.58,1075.26,371.31,239.61,179.14,0.14,0.73,0.54,0.04,7,45,3979.08,317.39,105.42,0.86,11
C10183,368.15,0.97,70.55,32.42,29.83,174.89,0.29,0.94,0.47,0.03,3,35,1389.0,373.55,82.49,0.28,12
C10184,5007.29,0.85,3723.31,1943.69,538.05,67.46,0.28,0.84,0.02,0.17,3,52,9942.7,4957.41,1033.12,0.28,12
C10185,3924.03,0.8,4344.01,1828.17,927.59,141.49,0.93,0.68,0.21,0.14,18,31,8516.39,3473.35,200.1,0.03,12
C10186,1342.15,0.46,936.06,308.9,350.1,37.95,0.88,0.12,0.66,0.16,4,18,1592.97,1407.29,225.01,0.86,9
C10187,371.56,0.59,44.07,17.62,4.95,76.56,0.61,0.98,0.54,0.15,3,18,2704.95,343.84,93.77,0.15,8
C10188,4315.39,0.89,3102.19,1235.49,955.21,16.57,0.32,0.34,0.05,0.18,9,31,8328.87,4725.96,762.74,0.17,12
C10189,106.93,0.95,125.88,67.51,16.89,39.31,0.47,0.63,0.6,0.08,1,56,1706.86,62.13,25.08,0.1,12
C10190,1211.27,1.0,122.83,50.71,49.71,2433.18,0.57,0.27,0.5,0.44,8,11,5536.95,1437.78,267.1,0.02,10
C10191,294.15,0.79,0.0,0.0,0.0,60.73,0.54,0.83,0.15,0.05,2,8,1190.14,328.42,83.06,0.13,12
C10192,263.44,0.78,65.31,31.88,22.43,39.3,0.26,0.38,0.0,0.02,5,15,1582.69,296.81,37.32,0.08,12
C10193,3708.5,0.28,3663.97,1489.56,690.71,0.0,0.13,0.39,0.34,0.1,3,58,10575.17,2798.16,950.64,0.13,12
C10194,395.16,0.8,0.0,0.0,0.0,256.89,0.91,0.0,0.78,0.1,17,36,1637.01,459.49,45.49,0.08,12
C10195,358.84,0.48,7.82,4.43,1.72,59.95,0.64,0.58,0.13,0.02,8,46,1550.46,214.96,67.96,0.13,10
C10196,879.42,0.89,678.68,388.28,222.83,126.4,0.15,0.25,0.94,0.12,0,33,3988.16,487.66,179.83,0.83,12
C10197,2763.25,0.21,82.52,39.07,11.29,2468.82,0.99,0.92,0.54,0.38,18,35,4346.23,2152.85,444.0,0.11,9
C10198,464.58,0.95,98.5,42.02,13.64,208.61,0.41,0.78,0.76,0.09,19,37,2431.85,535.73,35.12,0.06,11
C10199,352.46,0.59,115.58,61.99,20.53,113.37,0.73,0.95,0.98,0.1,2,7,1793.2,415.02,55.88,0.12,10
C10200,4480.77,0.3,4430.77,3029.04,825.9,64.49,0.18,0.39,0.26,0.06,1,37,10942.61,3788.35,444.7,0.08,11
C10201,2752.84,0.68,132.63,62.81,19.97,2455.68,0.93,0.66,0.58,0.85,2,33,8474.26,2825.36,473.02,0.02,10
C10202,1058.22,0.75,680.42,385.19,100.23,169.55,0.08,0.45,0.34,0.1,5,49,3550.67,927.81,58.37,0.47,12
C10203,305.31,0.82,101.55,48.44,45.86,0.0,0.96,0.91,0.08,0.09,8,5,1881.04,176.9,52.16,0.19,12
C10204,270.24,0.76,66.69,44.88,21.46,34.06,0.73,0.32,0.79,0.08,15,30,1489.11,258.68,39.0,0.1,10
C10205,213.83,0.64,53.21,21.6,18.56,90.47,0.23,0.33,0.01,0.0,18,55,1502.04,128.9,11.41,0.29,9
C10206,537.69,0.27,59.19,28.61,12.73,89.55,0.18,0.37,0.87,0.15,17,49,1078.82,515.83,110.6,0.24,10
C10207,5040.93,0.89,3452.03,1717.25,421.82,300.42,0.84,0.5,0.79,0.19,18,17,4984.39,3368.9,646.5,0.27,12
C10208,405.96,0.99,5.15,3.05,2.51,72.99,0.04,0.89,0.64,0.03,1,43,1893.59,277.81,79.4,0.14,12
C10209,1845.7,0.82,568.93,334.83,69.19,179.22,0.11,0.21,0.59,0.06,19,23,4581.64,1794.85,501.07,0.63,12
C10210,4997.77,0.23,2633.38,1568.91,1129.85,244.93,0.67,0.65,0.85,0.17,13,47,8643.74,4125.45,1329.92,0.21,12
C10211,1467.93,0.8,902.64,535.43,330.4,153.65,0.08,0.31,0.06,0.14,2,38,3307.45,1587.08,258.2,0.33,12
C10212,129.89,0.42,72.97,35.6,19.19,46.09,0.54,0.08,0.74,0.06,19,28,1406.94,126.8,21.8,0.2,12
C10213,3409.3,0.97,3535.36,1280.6,1409.33,0.0,0.57,0.95,0.18,0.13,14,1,10823.05,2408.67,625.02,0.13,12
C10214,3507.06,0.25,3190.71,2068.14,1295.09,159.63,0.02,0.79,0.02,0.18,15,45,8918.45,3661.31,517.57,0.04,12
C10215,3319.34,0.27,3439.37,1478.7,1552.24,231.6,0.38,0.95,0.31,0.04,12,32,11786.87,1809.95,410.85,0.24,12
C10216,192.07,0.35,85.66,29.48,27.24,143.68,0.03,0.4,0.33,0.14,15,31,856.68,194.83,17.17,0.12,11
C10217,251.05,0.8,58.81,20.67,10.91,198.68,0.97,0.76,0.19,0.16,0,42,2249.89,193.25,69.99,0.18,8
C10218,1977.66,0.72,190.72,94.96,62.75,1592.07,0.22,0.65,0.71,0.31,11,54,5635.09,1407.06,129.36,0.11,12
C10219,1884.44,0.78,584.19,274.79,81.63,166.99,0.69,0.62,0.56,0.19,13,12,4117.15,1631.67,256.81,0.48,11
C10220,114.33,0.48,64.19,36.29,16.08,11.95,0.67,0.04,0.92,0.19,17,54,1421.83,129.76,10.47,0.19,12
C10221,892.88,0.9,736.42,401.16,253.44,104.08,0.77,0.07,0.76,0.15,13,9,3272.48,606.91,58.16,0.4,12
C10222,4406.18,0.56,3077.99,1055.64,617.92,209.62,0.34,0.2,0.83,0.1,4,38,8369.81,5285.53,410.6,0.04,12
C10223,1030.07,0.31,225.31,94.34,100.5,2187.4,0.18,0.75,0.9,0.86,13,29,4348.18,939.64,168.92,0.07,10
C10224,575.46,0.81,76.72,50.52,37.62,220.46,0.53,0.8,0.81,0.13,4,45,1517.81,389.29,109.19,0.05,12
C10225,3343.16,0.62,59.97,36.38,7.82,1681.08,0.69,0.65,0.12,0.35,4,32,3194.88,3288.9,914.66,0.17,10
C10226,57.96,0.67,45.2,29.3,8.24,126.75,0.76,0.19,0.19,0.06,12,34,1525.67,58.82,12.81,0.12,9
C10227,423.47,0.51,1078.04,332.89,311.77,71.94,0.05,0.78,0.4,0.02,6,26,2685.55,369.3,106.08,0.56,11
C10228,1047.54,0.77,814.54,541.53,93.82,112.76,0.75,0.11,0.33,0.07,6,39,4931.42,619.52,197.28,0.57,8
C10229,281.23,0.23,43.75,28.19,6.0,117.0,0.11,0.89,0.89,0.15,11,17,1159.52,301.08,28.21,0.23,11
C10230,117.99,0.59,74.32,35.74,34.21,0.0,0.52,0.38,0.52,0.18,3,17,1188.31,125.92,30.97,0.02,12
C10231,1291.67,0.54,989.84,563.65,117.01,64.67,0.56,0.73,0.88,0.07,2,24,3859.16,1337.74,217.81,0.3,12
C10232,2242.68,0.8,99.95,40.86,19.89,2413.68,0.13,0.17,0.39,0.38,8,12,2705.18,2307.71,544.55,0.14,12
C10233,1885.75,0.41,1047.43,590.16,282.23,67.43,0.96,0.31,0.91,0.12,3,18,2693.63,1446.24,97.28,0.4,10
C10234,3985.17,0.39,131.77,81.64,14.26,426.98,0.64,0.5,0.07,0.82,14,4,5861.43,3367.11,643.25,0.04,12
C10235,4580.88,0.46,3152.8,1555.66,1337.53,180.95,0.22,0.5,0.45,0.14,13,14,6152.42,4411.49,617.14,0.21,12
C10236,1541.98,0.58,1026.64,319.6,443.51,181.87,0.05,0.1,0.9,0.03,18,24,4663.4,949.84,191.67,0.45,6
C10237,3200.68,0.37,3128.54,1459.58,806.75,144.82,0.78,0.55,0.45,0.01,3,28,11371.8,2954.1,700.03,0.19,12
C10238,216.2,0.75,0.0,0.0,0.0,0.0,0.84,0.08,0.73,0.07,14,37,2083.45,124.78,55.38,0.11,12
C10239,465.9,0.47,28.96,16.84,13.23,92.15,0.09,0.92,0.36,0.19,0,23,2588.26,509.45,123.92,0.16,12
C10240,2514.95,0.54,3974.97,1965.71,1476.39,0.0,0.26,0.42,0.83,0.19,12,37,8990.26,1468.43,629.2,0.14,11
C10241,3855.75,0.65,4283.71,2974.11,1326.0,88.22,0.64,0.44,0.63,0.13,3,26,6061.96,4012.65,975.18,0.29,12
C10242,106.04,0.5,0.0,0.0,0.0,151.79,0.42,0.58,0.81,0.12,14,26,1908.61,69.5,27.44,0.1,12
C10243,900.53,0.76,925.61,336.29,292.22,179.37,0.34,0.78,0.54,0.13,1,0,889.03,1035.48,201.17,0.77,12
C10244,1254.68,0.72,447.83,180.62,89.48,137.83,0.42,0.07,0.64,0.09,0,46,2891.91,1205.21,301.1,0.5,12
C10245,1933.63,0.81,87.7,54.5,24.54,1073.76,0.51,0.7,0.53,0.77,5,41,4642.03,1550.39,203.59,0.15,12
C10246,867.45,0.62,913.07,552.53,341.82,120.78,0.18,0.91,0.57,0.0,7,3,,460.22,250.96,0.62,8
C10247,1258.07,0.49,1439.7,876.93,380.86,81.32,0.39,0.44,0.69,0.0,15,2,3267.24,1163.74,221.15,0.33,12
C10248,1122.74,0.36,361.5,235.64,135.19,169.89,0.07,0.01,0.12,0.19,3,44,2040.24,858.47,129.89,0.32,12
C10249,1174.8,0.55,815.73,389.24,322.62,172.52,0.01,0.25,0.77,0.15,15,12,4445.37,1243.88,192.24,0.84,12
C10250,3764.52,0.9,2778.11,1187.45,1115.37,58.07,0.98,0.94,0.36,0.14,9,53,8426.09,3971.21,963.03,0.12,7
C10251,2506.19,0.3,177.71,95.99,58.23,3203.16,0.05,0.12,0.01,0.68,1,48,5887.55,2458.38,559.19,0.17,12
C10252,890.26,0.37,848.6,393.71,147.45,76.45,0.04,0.01,0.64,0.12,19,24,1517.73,612.03,78.48,0.75,9
C10253,162.56,0.73,83.97,42.79,31.93,0.0,0.89,0.94,0.61,0.13,11,59,1105.75,100.96,25.96,0.02,12
C10254,490.34,0.66,32.26,11.49,13.8,135.21,0.98,0.86,0.73,0.16,17,31,1512.44,415.78,117.09,0.12,12
C10255,4632.31,0.93,2394.64,1098.07,329.78,0.0,0.84,0.46,1.0,0.03,1,59,10808.98,3782.97,1035.29,0.08,9
C10256,4783.67,0.22,2028.65,992.12,929.91,126.26,0.14,0.01,0.46,0.04,9,3,7198.08,4645.24,465.9,0.05,9
C10257,388.77,0.9,114.89,38.48,54.75,0.0,0.64,0.58,0.97,0.11,3,35,698.48,339.38,91.64,0.2,11
C10258,149.26,0.78,29.16,20.34,10.71,42.43,0.7,0.82,0.58,0.02,10,49,1715.02,126.34,32.64,0.05,10
C10259,1504.46,0.82,663.7,209.14,95.86,65.31,0.77,0.29,0.36,0.13,15,15,4084.71,1258.57,167.14,0.65,6
C10260,361.25,0.5,32.75,21.87,11.84,196.14,0.11,0.17,0.68,0.17,16,49,979.19,308.14,45.84,0.12,12
C10261,4009.02,0.45,3518.23,1168.33,852.92,57.32,0.39,0.9,0.2,0.17,19,50,8081.85,4452.07,620.8,0.29,9
C10262,135.0,0.21,102.78,66.16,22.76,14.0,0.28,0.77,0.97,0.06,5,46,945.01,83.65,29.49,0.27,12
C10263,425.51,0.83,47.07,24.44,5.4,129.15,0.65,0.45,0.44,0.04,5,39,1628.63,218.35,122.49,0.0,11
C10264,2229.49,0.33,277.89,105.19,108.36,2874.61,0.34,0.91,0.01,0.55,15,5,5466.45,1460.97,665.92,0.24,12
C10265,111.93,0.38,0.0,0.0,0.0,163.24,0.51,0.61,0.66,0.18,15,59,1553.47,80.27,24.88,0.05,12
C10266,207.13,0.42,31.7,13.97,8.88,19.05,0.63,0.94,0.12,0.06,6,52,1949.27,192.36,31.71,0.14,11
C10267,164.44,0.9,67.15,41.47,17.15,116.87,0.87,0.1,0.09,0.18,6,32,1878.67,179.21,11.04,0.24,12
C10268,566.45,0.43,0.0,0.0,0.0,297.57,0.92,0.44,0.02,0.18,3,23,1853.92,565.96,112.3,0.09,12
C10269,435.9,0.54,28.44,11.29,8.0,80.86,0.69,0.68,0.88,0.07,15,31,1790.08,522.56,74.29,0.22,8
C10270,236.87,0.8,33.18,19.15,9.66,114.94,0.16,0.41,0.03,0.07,2,59,863.63,118.55,51.56,0.07,11
C10271,386.43,0.91,52.66,28.73,7.32,0.0,0.89,0.35,0.54,0.19,11,2,2067.26,244.64,112.5,0.26,12
C10272,96.57,0.83,109.18,51.13,27.53,31.76,0.2,0.7,0.49,0.15,7,28,969.86,54.17,8.86,0.13,11
C10273,934.86,0.63,619.96,201.0,77.88,136.78,0.05,0.61,0.91,0.12,10,11,2368.86,901.68,133.36,0.55,8
C10274,4221.83,0.2,3736.62,1955.74,1533.4,73.61,0.44,0.28,0.91,0.19,18,48,8161.14,3372.72,819.19,0.02,10
C10275,1204.11,0.33,776.93,304.31,239.99,149.15,0.68,0.44,0.92,0.17,16,40,2424.64,864.44,165.78,0.48,12
C10276,285.38,0.4,32.67,17.8,13.72,134.0,0.15,0.71,0.4,0.01,18,54,1257.64,205.15,26.83,0.2,12
C10277,1160.06,0.53,1227.62,503.09,333.58,0.0,0.3,0.63,0.47,0.1,13,59,4383.91,1305.17,231.59,0.82,10
C10278,3485.43,0.49,116.12,80.37,18.72,2019.73,0.08,0.45,0.83,0.58,8,6,6318.79,1926.94,208.59,0.15,12
C10279,3360.53,0.61,84.48,45.3,18.57,1459.42,0.62,0.26,0.12,0.85,19,28,6486.68,2417.5,484.79,0.12,10
C10280,255.58,0.53,53.11,28.07,10.28,38.81,0.71,0.11,0.11,0.01,11,55,1498.77,217.22,74.93,0.19,12
C10281,236.06,0.78,86.83,55.11,23.96,118.36,0.52,0.84,0.92,0.17,7,1,942.94,186.04,40.02,0.01,12
C10282,334.79,0.24,66.16,46.13,27.49,225.36,0.44,0.82,0.03,0.16,17,52,1837.17,328.52,25.24,0.07,11
C10283,361.62,1.0,93.08,56.94,13.65,19.69,0.85,0.61,0.38,0.03,19,23,1136.64,334.59,93.51,0.08,7
C10284,987.73,0.87,1060.88,570.28,275.87,111.81,0.42,0.57,0.19,0.04,9,32,3068.35,1047.32,93.6,0.44,12
C10285,1654.33,0.47,721.08,465.39,98.58,112.48,0.44,0.14,0.08,0.17,16,7,3130.49,1804.74,186.46,0.32,12
C10286,150.16,0.52,65.05,24.23,16.69,152.59,0.58,0.45,0.97,0.04,9,20,2145.77,117.12,43.64,0.01,12
C10287,1006.14,0.97,899.48,544.81,299.53,194.72,0.7,0.48,0.17,0.03,9,57,2766.92,1113.05,245.27,0.66,11
C10288,1690.61,0.95,643.23,367.9,82.07,67.67,0.78,0.46,0.43,0.18,10,55,3837.72,1593.43,220.59,0.31,7
C10289,322.86,0.51,149.93,78.76,18.99,180.95,0.04,0.24,0.26,0.16,10,8,1914.53,355.88,68.39,0.02,7
C10290,3503.59,0.25,1387.54,897.33,544.2,206.43,0.85,0.12,0.49,0.08,17,33,8287.52,2893.12,602.41,0.13,12
C10291,333.65,0.99,35.96,21.0,9.46,242.72,0.45,0.93,0.77,0.13,18,7,1192.49,172.8,91.13,0.28,12
C10292,2850.57,0.72,184.18,108.06,44.3,2371.82,0.91,0.56,0.66,0.63,15,59,4943.07,2738.2,541.82,0.24,11
C10293,496.34,0.75,2.71,1.8,1.02,112.59,0.54,0.86,0.57,0.05,11,27,619.01,583.8,106.81,0.18,12
C10294,4932.54,0.42,4104.59,2379.7,549.63,62.03,0.48,0.67,0.51,0.2,2,15,9082.22,5678.34,430.53,0.23,12
C10295,2312.6,0.85,293.54,118.05,130.3,1659.01,0.2,0.82,0.13,0.9,6,32,4178.81,1402.43,260.09,0.15,12
C10296,2196.6,0.65,266.87,99.66,109.46,1634.13,0.47,0.22,0.4,0.6,2,12,6931.29,1851.04,124.41,0.24,12
C10297,4540.12,0.58,5163.9,2609.21,1321.23,108.99,0.49,0.11,0.91,0.08,0,43,9393.43,5043.91,894.68,0.25,12
C10298,2094.99,0.79,4408.98,1736.98,1267.51,91.24,0.89,0.61,0.82,0.1,12,20,9139.49,1658.33,399.37,0.1,12
C10299,1287.78,0.5,637.92,369.9,165.28,147.82,0.89,0.55,0.06,0.06,5,22,2633.74,1110.98,163.49,0.66,10
C10300,3054.04,0.54,3842.7,2448.12,1591.23,0.0,0.49,0.1,0.84,0.09,1,45,10440.12,3659.71,329.94,0.07,12
C10301,386.06,0.72,110.84,46.19,12.37,85.44,0.87,0.61,0.83,0.13,4,53,1488.69,323.46,63.03,0.21,12
C10302,1204.94,0.71,1004.69,668.51,370.29,259.58,0.85,0.18,0.8,0.16,1,12,4479.18,762.75,91.51,0.49,12
C10303,754.24,0.98,1466.34,877.99,324.09,179.65,0.95,0.11,0.81,0.16,2,35,2866.56,397.54,198.55,0.56,12
C10304,2241.38,0.65,84.05,58.43,34.61,2795.91,0.36,0.99,0.98,0.77,9,18,5524.85,1844.56,578.21,0.29,11
C10305,974.76,0.46,1060.13,402.3,523.24,131.25,0.21,0.56,0.06,0.11,13,2,4695.23,838.51,194.01,0.85,12
C10306,1390.85,0.43,907.33,439.71,191.98,70.77,0.94,0.33,0.38,0.07,15,15,2936.59,1591.07,383.03,0.84,10
C10307,1071.19,0.63,907.22,504.52,252.52,0.0,0.58,0.1,0.97,0.12,7,2,2088.89,1129.45,217.85,0.78,12
C10308,319.49,0.3,95.93,58.05,30.6,136.57,0.47,0.92,0.55,0.18,14,46,1759.68,173.81,55.19,0.29,12
C10309,305.34,0.67,100.05,66.51,32.06,0.0,0.41,0.94,0.68,0.16,1,28,2255.09,327.26,61.07,0.21,12
C10310,741.21,0.51,1000.54,656.86,162.72,73.96,0.08,0.26,0.36,0.07,2,32,4184.56,406.68,52.89,0.35,11
C10311,1371.52,0.48,813.38,320.84,271.1,99.71,0.2,0.44,0.21,0.15,6,26,2813.75,699.25,143.15,0.34,11
C10312,123.07,0.35,97.89,45.91,38.13,64.22,0.29,0.65,0.98,0.02,12,16,1275.98,108.66,,0.15,12
C10313,1168.32,0.6,1204.25,707.28,575.16,273.71,0.55,0.11,0.36,0.03,2,27,4105.71,1017.44,91.2,0.61,11
C10314,1118.94,0.23,929.7,328.12,362.73,245.95,0.52,0.54,0.56,0.05,0,9,4684.33,807.33,282.42,0.47,12
C10315,372.14,0.69,130.71,89.38,44.62,182.62,0.54,0.22,0.24,0.08,11,3,1193.32,306.04,34.44,0.15,12
C10316,388.61,0.43,1302.02,779.62,251.68,25.97,0.08,0.23,0.97,0.1,8,9,3998.81,444.67,60.08,0.89,12
C10317,4505.02,0.92,3020.96,1907.84,420.42,253.71,0.01,0.6,0.26,0.08,8,3,9200.52,4385.51,771.0,0.16,12
C10318,392.12,0.62,54.69,36.26,19.35,149.52,0.46,0.31,0.91,0.13,8,33,1676.91,290.05,35.09,0.2,12
C10319,2775.61,0.82,379.44,140.84,132.83,1657.22,0.19,0.55,0.29,0.7,18,3,5427.17,3202.4,306.82,0.02,9
C10320,2229.17,0.88,192.15,90.09,83.73,2081.45,0.89,0.26,0.95,0.6,2,23,6637.49,1368.89,381.41,0.14,12
C10321,1497.44,0.9,723.58,405.69,201.47,176.69,0.43,0.49,0.37,0.05,12,44,3044.17,932.35,114.85,0.38,12
C10322,252.85,0.9,35.1,22.08,5.93,52.09,0.35,0.93,0.87,0.07,15,34,1814.89,167.67,24.47,0.27,12
C10323,1589.99,0.38,1294.17,770.29,245.75,111.24,0.54,0.48,0.6,0.1,15,36,3273.27,1053.75,88.72,0.5,9
C10324,2412.69,0.44,4440.06,1547.86,1290.1,125.32,0.63,0.5,0.11,0.03,1,17,7191.57,1326.24,426.11,0.19,12
C10325,4988.2,0.77,3192.23,1782.12,717.68,11.93,0.08,0.49,0.3,0.08,6,8,10145.55,3575.35,1274.84,0.14,12
C10326,4010.68,0.63,2720.43,1136.11,468.21,78.39,0.74,0.86,0.76,0.15,19,9,11561.69,3545.67,1013.51,0.24,12
C10327,1448.98,0.69,917.1,424.25,131.27,17.96,0.14,0.68,0.67,0.06,15,25,3596.66,950.45,201.01,0.75,12
C10328,738.16,0.74,1419.15,990.13,375.99,169.49,0.39,0.03,0.36,0.15,18,53,4426.91,424.28,163.77,0.4,12
C10329,408.67,0.29,0.0,0.0,0.0,27.36,0.36,0.12,0.2,0.05,14,56,1264.37,390.41,121.57,0.01,12
C10330,4290.41,0.33,3643.92,1245.32,1771.35,123.34,0.57,0.58,0.83,0.15,1,8,8569.62,3406.55,668.67,0.21,11
C10331,149.06,0.71,84.37,39.12,37.34,0.0,0.69,0.76,0.62,0.04,19,4,838.22,142.7,41.51,0.19,12
C10332,5821.94,0.7,3944.8,2546.96,684.01,9.33,0.8,0.12,0.68,0.19,16,27,5577.77,3921.82,1424.26,0.17,9
C10333,2408.72,0.85,54.84,20.01,22.01,1614.41,0.53,0.5,0.48,0.87,13,11,7637.22,2479.21,226.92,0.13,12
C10334,370.34,0.76,8.41,2.79,2.46,76.83,0.16,0.64,0.35,0.2,0,8,1349.54,437.35,59.65,0.22,12
C10335,981.42,0.37,703.19,328.77,330.81,114.43,0.7,0.4,0.38,0.05,18,23,3495.66,670.18,277.45,0.63,12
C10336,534.87,0.26,79.49,43.95,27.29,129.18,0.48,0.69,0.03,0.14,17,57,1900.66,506.82,49.15,0.12,11
C10337,4962.16,0.51,4397.11,1591.21,798.5,0.0,0.59,0.34,0.94,0.06,17,14,9565.48,5138.52,319.61,0.1,12
C10338,326.79,0.5,30.91,19.22,5.51,86.51,0.44,0.62,0.37,0.02,5,5,2013.7,287.67,38.17,0.29,12
C10339,2552.34,0.81,161.09,102.84,78.44,2841.02,0.42,0.77,0.48,0.33,18,9,6082.96,1796.33,130.72,0.12,12
C10340,168.91,0.74,23.01,11.71,10.75,142.73,0.7,0.96,0.36,0.03,0,37,1813.06,109.81,13.81,0.06,12
C10341,2317.01,0.9,107.69,33.62,31.57,1804.0,0.52,0.64,0.36,0.78,11,58,4953.42,2207.21,362.77,0.29,11
C10342,3400.0,0.6,2478.55,1255.24,806.96,93.53,0.87,0.35,0.69,0.12,15,57,10004.68,2842.14,819.77,0.21,12
C10343,1592.09,0.43,918.2,354.13,292.76,40.4,0.74,0.72,0.67,0.1,4,45,3941.61,1729.18,164.67,0.3,12
C10344,3755.1,0.6,3283.07,1570.75,1330.93,237.97,0.48,0.8,0.81,0.13,19,31,9108.89,2112.43,985.39,0.23,12
C10345,3607.82,0.37,4095.99,2473.55,1186.99,0.0,0.21,0.41,0.07,0.02,11,43,9433.31,1886.55,1071.43,0.07,12
C10346,3267.3,0.25,305.18,98.2,45.49,1935.28,0.02,0.36,0.87,0.5,3,3,5315.44,2481.83,542.52,0.17,11
C10347,384.96,0.6,0.0,0.0,0.0,108.61,0.21,0.15,0.96,0.16,18,55,1763.0,320.31,114.73,0.08,11
C10348,768.17,0.53,1381.62,488.24,452.22,79.89,0.28,0.68,0.99,0.05,2,47,2338.26,727.99,149.37,0.63,11
C10349,90.45,0.23,0.0,0.0,0.0,38.89,0.12,0.44,0.13,0.16,19,11,1184.87,52.45,5.88,0.04,8
C10350,2039.0,0.78,1408.26,569.17,599.1,0.0,0.67,0.13,0.49,0.05,19,17,1912.93,1857.75,158.31,0.56,12
C10351,87.97,0.72,8.17,3.77,3.92,44.68,0.33,0.56,0.94,0.09,18,53,1715.26,94.05,15.68,0.07,12
C10352,1061.54,0.26,955.4,584.59,188.02,23.25,0.03,0.99,0.76,0.16,6,32,3940.28,1206.63,297.71,0.48,11
C10353,1705.91,0.77,781.89,244.05,356.28,234.34,0.44,0.05,0.06,0.14,8,58,4570.72,1927.39,127.3,0.34,7
C10354,621.22,0.27,941.84,414.78,363.82,281.18,0.78,0.52,0.87,0.1,15,23,5614.47,536.07,119.85,0.51,11
C10355,1426.67,0.61,1266.71,850.95,424.07,95.94,0.34,0.94,0.84,0.07,16,35,3114.57,1611.39,360.59,0.58,12
C10356,4223.39,0.7,2911.36,1544.63,442.98,0.0,0.9,0.96,0.78,0.11,4,0,6596.65,3701.07,1249.17,0.0,12
C10357,5095.03,0.6,3266.44,2060.16,863.58,159.04,0.85,0.34,0.41,0.1,9,54,6714.63,2809.15,1411.32,0.27,12
C10358,1420.11,0.8,698.93,344.86,348.17,21.51,0.89,0.17,0.63,0.19,7,50,5182.97,1677.95,108.65,0.31,10
C10359,1904.36,0.51,653.15,221.35,234.7,56.07,0.67,0.42,0.72,0.17,13,48,4879.47,955.65,131.78,0.43,12
C10360,2463.17,0.37,279.44,104.73,94.08,2782.98,0.81,0.32,0.4,0.64,15,45,3993.78,1724.36,249.56,0.02,12
C10361,371.94,0.59,35.01,21.12,4.0,59.96,0.39,0.48,0.78,0.08,8,19,1244.25,198.05,44.62,0.17,12
C10362,0.0,0.47,42.45,27.41,9.69,71.62,0.69,0.6,0.27,0.12,17,2,1146.7,0.0,0.0,0.09,12
C10363,602.31,0.32,48.75,23.74,14.39,0.0,0.22,0.77,0.18,0.14,6,19,1123.07,540.39,127.27,0.15,12
C10364,3783.68,0.58,3861.58,1919.14,1377.29,43.84,0.2,0.63,0.86,0.04,15,40,9090.69,3581.45,1080.45,0.17,9
C10365,651.29,0.36,791.15,379.79,350.36,181.6,0.94,0.89,0.34,0.17,8,40,3096.13,389.64,100.76,0.87,12
C10366,5006.22,0.58,3186.53,979.37,902.51,97.32,0.55,0.74,0.06,0.13,2,51,10457.45,2564.17,763.61,0.22,12
C10367,4912.2,0.67,4248.4,1436.83,891.24,110.03,0.07,0.52,0.83,0.01,6,33,10093.19,3369.66,588.99,0.26,12
C10368,401.21,0.83,61.97,43.18,13.17,0.0,0.2,0.12,0.8,0.01,16,20,909.53,215.07,63.94,0.18,12
C10369,1846.74,0.88,215.52,68.28,33.43,1415.66,0.46,0.8,0.8,0.32,8,23,4296.03,968.98,457.49,0.03,12
C10370,4413.36,0.73,2433.08,1069.55,384.95,45.16,0.85,0.71,0.34,0.15,15,58,7927.38,3022.11,989.36,0.04,12
C10371,267.18,0.91,16.24,9.36,3.61,189.92,0.9,0.34,0.6,0.06,13,2,1566.53,320.4,66.11,0.18,9
C10372,1025.84,0.65,1478.5,694.79,601.21,112.34,0.11,0.23,0.01,0.03,8,39,4332.42,1089.82,264.33,0.73,11
C10373,183.75,0.77,50.88,35.26,13.5,55.04,0.06,0.66,0.0,0.04,4,1,1800.23,138.41,9.38,0.23,11
C10374,429.66,0.82,87.95,27.54,39.03,0.0,0.12,0.08,0.26,0.08,14,27,565.42,327.94,46.97,0.16,9
C10375,121.74,0.86,115.85,75.28,55.57,273.99,0.67,0.79,0.53,0.13,13,5,947.39,140.11,26.0,0.18,12
C10376,1665.68,0.8,206.21,72.98,26.84,1395.22,0.53,0.23,0.6,0.78,6,13,3132.95,1604.69,269.1,0.29,11
C10377,1100.63,0.92,955.94,365.1,367.4,169.05,0.74,0.59,0.13,0.16,1,24,3798.37,1195.15,87.35,0.41,10
C10378,486.51,0.58,1064.19,544.15,142.72,245.51,0.59,0.3,0.87,0.05,7,19,1125.14,537.65,32.21,0.69,7
C10379,3606.77,0.96,3625.87,2351.68,466.62,117.93,0.1,0.48,0.96,0.16,0,1,9985.01,2230.8,1030.95,0.29,7
C10380,465.72,0.52,494.35,230.19,103.97,208.19,0.26,0.8,0.12,0.18,15,47,4417.63,238.11,122.07,0.63,11
C10381,2606.11,0.26,173.03,72.23,24.33,2654.09,0.33,0.29,0.82,0.76,4,8,4412.25,1792.43,338.17,0.0,12
C10382,4667.62,0.35,3869.21,1782.42,1412.99,159.01,0.71,0.03,0.61,0.18,7,42,6592.23,4275.95,979.38,0.12,10
C10383,1702.23,0.65,782.54,264.29,302.41,49.59,0.6,0.08,0.5,0.14,4,58,4365.84,1933.7,147.56,0.78,12
C10384,1212.1,0.21,1288.79,818.76,458.43,59.69,0.95,0.07,0.49,0.18,18,14,4416.87,867.9,101.5,0.44,10
C10385,1072.97,0.33,219.44,146.16,72.44,1412.71,0.15,0.46,0.75,0.35,16,27,4761.66,1175.0,143.14,0.01,11
C10386,3847.94,0.5,3067.75,1749.57,1265.43,0.0,0.94,0.08,0.21,0.17,18,38,10946.5,3707.62,462.94,0.01,11
C10387,2443.22,0.7,138.8,66.33,56.77,963.35,0.22,0.41,0.61,0.81,15,55,6251.53,2341.0,720.38,0.17,10
C10388,212.07,0.33,92.93,50.71,41.64,75.04,0.34,0.7,0.26,0.04,2,22,1067.82,212.37,11.89,0.07,12
C10389,2107.77,0.66,114.11,59.42,43.05,1499.17,0.03,0.88,0.09,0.42,13,11,4440.0,1808.62,393.78,0.08,12
C10390,1675.34,0.73,1172.48,375.92,284.15,63.39,0.3,0.22,0.55,0.19,9,6,2809.51,1627.62,441.5,0.37,11
C10391,59.5,0.81,0.0,0.0,0.0,72.4,0.2,0.88,0.27,0.02,14,21,,62.79,3.36,0.22,12
C10392,1106.03,0.73,1041.82,586.26,308.63,168.23,0.22,0.98,0.74,0.09,13,49,3829.9,1009.33,208.41,0.43,12
C10393,5201.62,0.4,5093.51,3255.36,729.12,122.82,0.57,0.63,0.65,0.2,13,40,7800.73,2743.62,754.23,0.22,12
C10394,85.99,1.0,22.3,9.89,9.47,215.8,0.78,0.74,0.22,0.11,12,13,1643.25,73.73,8.94,0.04,11
C10395,1353.21,0.91,544.26,341.64,253.16,141.61,0.74,0.48,0.86,0.1,16,59,3663.55,1242.08,147.29,0.79,10
C10396,4497.28,0.5,1854.23,1117.67,915.55,55.68,0.83,0.07,0.35,0.04,17,38,11487.37,5004.34,1140.56,0.29,12
C10397,425.73,0.22,94.66,63.59,18.86,95.33,0.73,0.96,0.71,0.08,10,41,1702.79,214.42,70.72,0.08,12
C10398,968.15,0.62,992.12,690.29,137.17,72.16,0.98,0.95,0.27,0.1,0,0,4418.86,516.99,59.51,0.9,12
C10399,1822.41,0.89,761.26,241.09,109.94,139.04,0.02,0.32,0.2,0.14,0,54,2702.23,1380.58,277.38,0.66,9
C10400,0.0,0.86,2.38,1.13,1.0,104.79,0.99,0.2,0.86,0.09,0,4,1713.97,0.0,0.0,0.01,9
C10401,3090.76,0.92,181.94,110.88,64.17,2660.99,0.41,0.07,0.92,0.87,17,2,7742.81,2593.23,687.04,0.17,12
C10402,4259.19,0.98,3417.49,2150.51,1375.36,100.69,0.48,0.5,0.35,0.02,9,41,10752.39,3039.69,1229.79,0.16,12
C10403,612.54,0.77,134.61,44.84,62.2,136.89,0.58,0.92,0.31,0.15,9,18,2060.78,603.52,,0.26,12
C10404,3868.28,0.33,324.39,176.03,61.8,691.31,0.01,0.04,0.7,0.71,5,56,6851.49,3299.85,358.73,0.11,12
C10405,2746.72,0.23,239.2,157.72,58.76,1538.64,0.18,0.61,0.23,0.36,18,52,5211.12,2476.45,183.23,0.23,11
C10406,255.23,0.32,84.52,33.03,35.24,0.0,0.45,0.84,0.86,0.17,4,32,2017.07,204.14,42.28,0.24,8
C10407,3718.19,0.36,2731.19,1198.84,556.5,188.45,0.77,0.38,0.01,0.15,17,31,11438.16,3746.21,599.38,0.01,12
C10408,222.84,0.25,26.89,12.32,8.13,142.17,0.87,0.61,0.14,0.03,13,10,882.36,113.85,41.65,0.2,12
C10409,969.52,0.56,113.67,52.04,31.53,2050.63,0.15,0.44,0.12,0.63,7,10,5476.08,485.9,211.27,0.14,12
C10410,5184.08,0.83,5014.04,2630.78,1695.36,10.67,0.26,0.07,0.32,0.02,13,0,7427.38,5069.93,588.81,0.06,12
C10411,4895.52,0.2,3539.17,1147.83,1752.88,190.68,0.61,0.5,0.87,0.01,18,10,7897.8,2539.11,1454.36,0.13,12
C10412,221.07,0.84,72.05,44.07,10.19,174.86,0.36,0.09,0.64,0.16,1,26,1573.69,162.72,38.4,0.26,12
C10413,2403.94,0.94,144.72,50.53,42.53,2429.08,0.3,0.68,0.11,0.61,1,45,6273.27,1818.42,549.88,0.21,12
C10414,153.47,0.32,111.02,69.42,53.69,69.87,0.38,0.31,0.08,0.09,3,4,574.07,142.67,23.34,0.19,12
C10415,367.76,0.22,26.4,8.1,6.31,13.19,0.7,0.8,0.29,0.19,13,9,1312.49,382.73,81.31,0.02,9
C10416,229.26,0.58,81.34,50.01,32.23,0.0,0.2,0.59,0.62,0.04,10,22,1387.05,246.52,67.83,0.2,9
C10417,3908.18,0.89,2266.55,1002.06,1069.15,39.9,0.06,0.94,0.59,0.16,13,29,10149.99,2720.51,345.47,0.23,12
C10418,507.59,0.79,89.31,50.22,17.53,0.0,0.0,0.74,0.11,0.12,8,25,540.63,311.47,80.7,0.28,8
C10419,3112.96,0.23,186.94,69.48,24.78,1623.1,0.53,0.72,0.76,0.45,16,10,5217.21,3693.71,698.1,0.24,12
C10420,2048.6,0.74,4069.72,2095.11,530.19,0.0,0.25,0.3,0.63,0.09,9,45,6878.99,1087.03,541.27,0.02,10
C10421,31.2,0.85,79.28,33.27,10.24,111.91,0.56,0.44,0.98,0.08,9,12,1102.68,33.37,6.53,0.28,10
C10422,229.45,0.42,64.32,19.4,15.45,134.86,0.88,0.75,0.55,0.17,9,7,1407.01,117.96,24.74,0.24,11
C10423,304.15,0.72,17.19,10.14,2.59,128.6,0.29,0.72,0.33,0.16,4,23,1251.54,255.36,64.26,0.0,12
C10424,1176.98,0.6,830.53,292.74,217.61,135.62,0.18,0.69,0.12,0.07,19,59,4249.72,1117.01,242.09,0.83,12
C10425,3781.04,0.36,2089.65,1412.36,839.31,175.71,0.0,0.01,0.92,0.14,0,7,9365.72,3154.9,230.31,0.09,12
C10426,285.57,0.92,47.03,24.34,10.31,64.33,0.98,0.02,0.04,0.11,0,7,1758.66,255.67,57.61,0.18,12
C10427,2773.71,0.38,5259.04,1581.23,1534.42,107.0,0.52,0.07,0.35,0.15,9,39,10325.84,1436.1,507.99,0.08,12
C10428,182.25,0.87,64.57,43.77,9.75,76.52,0.8,0.03,0.53,0.01,13,37,2026.96,110.8,22.3,0.22,10
C10429,4547.23,0.76,3093.89,1092.49,1173.56,204.2,0.86,0.77,0.57,0.07,9,9,9440.51,4034.79,498.96,0.06,12
C10430,2233.7,0.38,142.78,90.46,32.42,1603.5,1.0,0.55,0.58,0.78,15,39,5098.19,2411.04,540.49,0.25,11
C10431,2712.95,0.77,2023.67,873.64,311.83,4.49,0.86,0.5,0.72,0.12,7,45,11975.5,2397.97,179.68,0.02,12
C10432,4534.84,0.22,3570.23,1882.31,1720.38,0.0,0.29,0.09,0.13,0.04,4,38,7899.3,3852.98,549.29,0.01,12
C10433,4898.48,0.39,3645.81,2312.5,1486.94,145.53,0.56,0.77,0.72,0.11,12,31,10118.96,5837.65,1103.47,0.04,12
C10434,499.17,0.43,57.85,18.51,20.88,185.63,0.96,0.09,0.89,0.2,4,27,507.09,385.79,51.07,0.12,12
C10435,246.0,0.91,77.78,44.49,30.27,256.56,0.63,0.22,0.03,0.01,10,20,1513.63,189.38,19.53,0.2,12
C10436,188.92,0.93,73.24,26.32,19.79,159.03,0.77,0.82,0.04,0.1,12,4,2336.85,104.25,55.87,0.14,12
C10437,1354.13,0.42,668.45,392.08,146.61,211.66,0.91,0.69,0.99,0.03,2,36,4486.21,1419.43,259.19,0.66,7
C10438,4247.04,0.58,2869.43,1045.28,860.81,232.8,0.61,0.09,0.31,0.12,4,47,9902.75,2324.84,497.72,0.26,12
C10439,1965.73,0.99,369.06,113.96,158.73,217.18,0.69,0.07,0.46,0.05,0,24,3519.2,1170.22,173.95,0.69,12
C10440,2675.21,0.73,64.75,23.45,31.44,1843.67,0.59,0.41,0.31,0.5,4,44,4788.49,1443.89,138.51,0.15,12
C10441,199.23,0.26,93.69,51.56,32.05,0.0,0.34,0.6,0.56,0.06,17,4,2489.85,126.45,47.31,0.13,7
C10442,3853.36,0.51,3840.65,2666.53,962.25,99.33,0.25,0.25,0.71,0.19,0,5,10066.78,3110.53,537.06,0.29,12
C10443,128.44,0.54,96.74,66.56,37.47,124.0,0.63,0.59,0.76,0.0,14,18,2827.76,68.0,12.67,0.07,9
C10444,415.58,0.45,20.99,12.56,7.95,92.02,0.98,0.36,0.36,0.17,3,20,1341.46,327.48,114.65,0.05,12
C10445,3643.14,0.62,2086.64,1314.23,415.21,96.95,0.92,0.59,0.26,0.05,9,31,7752.87,3048.36,816.37,0.15,12
C10446,2174.09,0.79,145.21,94.33,39.82,930.77,0.21,0.73,0.55,0.57,0,1,5462.11,1255.66,549.18,0.2,10
C10447,1209.63,0.75,413.35,211.36,63.49,39.45,0.84,0.84,0.38,0.18,9,6,4003.07,651.5,258.78,0.38,12
C10448,394.79,0.48,55.04,21.54,14.36,163.92,0.02,0.2,0.62,0.06,18,43,1709.63,284.28,110.22,0.26,12
C10449,1127.51,0.79,933.53,526.92,378.17,125.32,0.59,0.09,0.61,0.12,2,43,3787.14,1077.2,153.47,0.47,11
C10450,411.59,0.63,117.16,41.78,26.43,31.4,0.93,0.12,0.89,0.15,6,46,1570.82,380.72,36.67,0.19,10
C10451,2126.72,0.82,188.03,119.01,66.41,2890.78,0.96,0.17,0.0,0.33,5,21,5429.29,1251.85,109.88,0.05,8
C10452,3716.33,0.29,3628.28,1686.56,838.35,0.0,0.6,0.32,0.1,0.02,14,40,8437.13,2097.27,217.24,0.26,12
C10453,451.32,0.52,13.31,5.41,2.11,138.85,0.63,0.03,0.79,0.18,16,12,1840.3,284.7,118.91,0.11,8
C10454,286.85,0.52,22.49,14.33,8.92,94.94,0.39,0.83,0.58,0.13,5,52,2210.64,318.99,58.44,0.06,12
C10455,418.43,0.48,138.84,47.83,46.61,33.94,0.72,0.85,0.06,0.18,2,0,1197.17,482.1,25.69,0.01,12
C10456,2405.39,0.76,246.04,169.75,105.84,2524.82,0.25,0.71,0.94,0.77,17,36,4195.1,2080.97,184.45,0.09,11
C10457,799.08,0.65,591.03,402.0,219.62,134.62,0.03,0.36,0.65,0.15,2,5,4244.52,904.23,179.1,0.52,11
C10458,2846.92,0.51,4574.06,2486.07,1952.56,86.1,0.84,0.71,0.49,0.12,17,49,11237.73,1685.32,416.28,0.01,11
C10459,561.03,0.63,560.83,328.0,90.84,42.9,0.06,0.57,0.78,0.0,11,14,4833.01,538.62,136.67,0.83,12
C10460,794.34,0.76,383.17,120.64,132.51,22.88,0.66,0.66,0.6,0.18,15,1,5453.74,757.9,225.7,0.86,12
C10461,440.46,0.74,29.77,14.13,7.35,80.91,0.44,0.09,0.37,0.17,16,22,712.96,358.77,105.27,0.15,12
C10462,2717.99,0.81,103.83,67.89,41.39,1229.22,0.04,0.87,0.3,0.61,13,53,4848.43,2762.71,259.28,0.04,8
C10463,453.51,0.88,23.01,7.01,7.64,73.6,0.16,0.35,0.45,0.18,7,9,1374.62,377.55,96.33,0.11,12
C10464,1161.86,0.79,953.57,396.92,116.02,4.92,0.1,0.27,0.48,0.04,6,16,2701.7,1277.5,231.02,0.53,12
C10465,2511.05,0.34,4037.24,1782.59,1265.35,95.35,0.21,0.39,0.71,0.06,12,32,9753.13,1494.31,657.84,0.11,12
C10466,1456.36,0.88,1031.44,587.95,410.22,183.64,0.64,0.25,0.47,0.03,10,52,3070.69,745.83,145.74,0.33,12
C10467,1504.79,0.47,164.53,95.75,33.75,3272.88,0.57,0.99,0.02,0.85,18,11,,1150.69,345.7,0.04,12
C10468,478.93,0.73,61.38,20.02,22.21,105.47,0.43,0.65,0.68,0.09,15,21,1255.19,282.58,95.76,0.04,12
C10469,1180.41,0.99,954.02,369.21,416.3,73.95,0.84,0.9,0.07,0.02,17,57,3919.05,738.22,199.95,0.33,12
C10470,1794.42,0.44,951.04,599.34,119.89,28.83,0.75,0.95,0.85,0.12,7,41,4015.97,957.19,220.3,0.39,12
C10471,1585.87,0.42,582.15,219.31,192.81,26.17,0.68,0.58,0.71,0.07,9,33,3719.84,1270.95,89.61,0.65,8
C10472,318.69,0.35,29.8,12.36,13.56,0.0,0.6,0.8,0.6,0.1,17,21,2925.29,323.81,80.12,0.13,12
C10473,558.51,0.99,51.86,18.92,7.81,194.5,0.7,0.91,0.45,0.05,5,47,1116.76,496.89,42.93,0.23,12
C10474,480.26,0.54,93.93,56.52,19.51,137.0,0.23,0.15,0.17,0.03,16,56,2003.6,360.04,69.32,0.28,10
C10475,311.91,0.83,0.0,0.0,0.0,106.6,0.26,0.27,0.65,0.09,11,25,1024.5,158.51,54.28,0.02,12
C10476,1278.84,0.24,846.73,356.27,282.87,123.65,0.3,0.4,0.11,0.05,8,57,4523.19,1095.13,169.36,0.88,11
C10477,1118.89,0.34,1156.38,593.14,482.63,127.16,0.74,0.62,0.6,0.08,18,12,3152.34,816.11,241.25,0.68,12
C10478,1815.39,0.25,532.1,160.91,187.1,41.24,0.43,0.77,0.18,0.08,5,50,5089.16,1211.25,239.85,0.43,12
C10479,1336.25,0.85,1073.57,731.74,354.64,73.98,0.96,0.35,0.6,0.19,13,26,3809.34,1090.49,239.29,0.72,12
C10480,1282.26,0.29,696.6,451.2,195.56,62.06,0.04,0.84,0.15,0.04,7,12,1995.53,793.78,94.63,0.61,8
C10481,412.38,0.94,44.97,25.14,5.91,300.91,0.38,0.65,0.09,0.06,19,24,1092.85,299.03,65.41,0.12,12
C10482,1637.15,0.73,730.7,347.56,245.83,181.62,0.15,0.37,0.47,0.16,10,24,4971.75,1879.98,320.47,0.59,10
C10483,446.55,0.93,26.98,9.77,4.39,113.43,0.82,0.68,0.71,0.06,11,37,1667.74,414.22,118.54,0.05,7
C10484,286.68,0.53,39.26,20.47,19.56,209.28,0.48,0.85,0.24,0.1,6,47,1478.86,341.96,27.35,0.02,12
C10485,1443.47,0.62,477.27,188.85,62.71,199.18,0.62,0.34,0.5,0.15,0,54,2276.14,1356.17,194.38,0.51,12
C10486,1267.06,0.22,1045.61,580.53,136.23,0.0,0.6,0.39,0.8,0.0,19,8,2418.98,719.54,145.49,0.41,12
C10487,519.49,0.57,48.41,17.34,20.09,82.17,0.08,0.69,0.55,0.19,8,14,1505.81,501.87,45.8,0.22,12
C10488,1163.64,0.67,1105.66,648.85,155.31,98.69,0.78,0.43,0.6,0.09,13,50,2395.34,1287.12,170.36,0.69,11
C10489,1213.3,0.28,500.67,214.87,131.19,148.92,0.82,0.18,0.22,0.15,18,5,2943.55,1381.82,336.19,0.63,11
C10490,6082.9,0.98,4189.17,2097.9,1973.1,82.08,0.61,0.85,0.12,0.18,7,17,9572.38,5402.63,871.28,0.13,12
C10491,1848.77,0.2,674.51,246.02,280.03,92.12,0.28,0.2,0.15,0.18,0,42,3467.53,1079.85,218.23,0.81,12
C10492,3633.53,0.41,2848.3,1146.47,550.11,63.09,0.72,0.25,0.97,0.04,15,32,7961.44,3452.39,1051.95,0.18,7
C10493,100.85,0.69,81.88,39.31,16.41,183.91,0.7,0.87,0.09,0.11,12,0,2279.05,60.52,,0.26,12
C10494,4655.28,0.6,4360.75,2107.43,1469.17,0.0,0.91,0.64,0.15,0.08,12,8,8594.69,2510.25,663.0,0.29,12
C10495,1520.17,0.39,638.17,446.66,187.99,65.81,0.12,0.43,0.21,0.11,7,47,2751.64,985.38,360.78,0.54,12
C10496,1326.23,0.99,656.56,285.06,96.32,0.0,0.91,0.38,0.79,0.16,18,20,4189.24,753.2,278.03,0.58,10
C10497,1071.25,0.35,845.78,282.28,138.25,17.63,0.89,0.18,0.4,0.07,8,43,2929.15,869.62,282.5,0.62,11
C10498,1332.68,0.65,1495.41,762.19,629.8,125.37,0.3,0.07,0.79,0.1,0,40,4129.63,1546.89,103.62,0.78,12
C10499,1191.32,0.29,620.04,265.83,147.52,126.89,0.72,0.91,0.42,0.12,11,49,5009.59,1146.38,220.35,0.75,11
C10500,4071.67,0.24,3038.84,1978.62,1275.11,74.94,0.26,0.04,0.79,0.05,15,34,8892.78,4015.21,918.29,0.04,11
C10501,2064.71,0.59,142.35,54.68,25.04,1850.29,0.24,0.06,0.9,0.6,8,5,8499.44,2193.81,618.21,0.29,12
C10502,2312.54,0.84,66.16,42.49,22.48,1063.74,0.64,0.75,0.45,0.52,9,7,5666.51,1543.54,463.51,0.2,7
C10503,1049.84,0.63,887.6,501.88,268.09,94.46,0.05,0.89,0.99,0.12,18,12,3026.27,945.58,89.42,0.47,9
C10504,1561.53,0.43,631.13,236.8,145.51,120.03,0.1,0.71,0.93,0.03,11,10,2952.82,1560.05,457.35,0.9,7
C10505,2992.47,0.21,3913.08,1808.23,1343.87,63.8,0.66,0.24,0.02,0.16,6,33,8950.75,2133.15,492.84,0.06,11
C10506,321.91,0.95,0.0,0.0,0.0,150.15,0.95,0.27,0.56,0.04,7,27,1810.9,248.29,55.39,0.05,12
C10507,3876.31,0.37,4436.29,2256.83,1963.45,4.48,0.03,0.96,0.66,0.13,15,19,9191.75,3841.18,439.13,0.23,12
C10508,1502.33,0.66,1705.31,782.46,677.61,243.67,0.02,0.7,0.84,0.12,14,34,4358.07,1601.37,380.7,0.33,10
C10509,407.24,0.21,19.93,10.64,4.28,191.2,0.07,0.83,0.67,0.09,1,50,892.98,306.71,74.25,0.26,11
C10510,390.89,0.28,42.09,24.69,13.98,4.09,0.0,0.45,0.69,0.13,15,22,2142.89,366.65,114.72,0.01,6
C10511,3647.59,0.34,4127.92,2074.17,1902.42,36.88,0.93,0.78,0.29,0.17,6,27,10490.58,3519.99,655.68,0.18,12
C10512,124.76,0.29,72.96,39.47,19.62,133.7,0.47,0.98,0.82,0.02,2,53,2087.35,143.5,11.87,0.12,7
C10513,302.36,0.62,104.05,66.99,25.53,72.94,0.69,0.36,0.06,0.14,3,25,891.48,317.85,73.35,0.18,11
C10514,384.15,0.52,83.67,41.76,35.1,143.57,0.42,0.32,0.66,0.08,17,4,1695.32,244.39,33.39,0.23,12
C10515,360.78,0.84,90.98,42.45,9.14,71.25,1.0,0.04,0.2,0.13,4,11,1503.97,338.39,43.6,0.03,12
C10516,223.18,0.29,0.0,0.0,0.0,221.98,0.48,0.74,0.77,0.18,10,16,2882.03,261.21,63.58,0.28,11
C10517,4262.2,0.54,4538.95,1600.19,845.71,100.66,0.94,0.24,0.79,0.13,11,33,7523.99,3259.67,1253.48,0.18,11
C10518,525.35,0.54,68.7,28.64,25.95,293.64,0.65,0.25,0.17,0.03,9,24,2056.94,544.11,128.27,0.11,12
C10519,3273.91,0.38,3083.4,1425.97,848.43,148.21,0.95,0.63,0.79,0.08,6,20,9808.59,2872.68,333.04,0.29,12
C10520,2858.82,0.28,222.4,134.71,24.05,2149.11,0.5,0.74,0.84,0.34,0,49,6412.94,2305.54,673.19,0.24,11
C10521,1180.91,0.21,613.53,237.42,275.91,266.92,0.88,0.41,0.05,0.03,0,27,3310.87,1061.86,234.43,0.66,12
C10522,606.59,0.22,85.86,49.87,27.36,187.89,0.33,0.94,0.43,0.13,9,28,1393.24,483.81,98.08,0.03,12
C10523,982.27,0.52,1152.62,382.22,259.85,130.41,0.66,0.16,0.19,0.14,17,16,4270.75,709.81,158.67,0.58,12
C10524,304.46,0.24,53.85,19.57,20.54,151.73,0.62,0.53,0.13,0.15,16,27,500.0,314.44,49.71,0.18,12
C10525,1113.83,0.52,1031.92,444.28,307.9,4.88,0.49,0.62,0.8,0.02,13,36,4304.32,972.24,145.45,0.68,12
C10526,2470.66,0.55,102.57,50.05,11.69,2095.14,0.5,0.62,0.29,0.51,5,55,2908.66,2852.15,455.86,0.02,9
C10527,2801.74,0.56,90.5,33.7,32.59,2355.32,0.17,0.66,0.64,0.52,19,50,4986.5,1418.01,165.68,0.16,11
C10528,3971.34,0.35,2790.98,962.36,1361.48,210.3,0.91,0.63,0.0,0.04,7,0,9276.51,4124.42,1040.98,0.08,11
C10529,312.72,0.6,0.0,0.0,0.0,131.66,0.45,0.79,0.08,0.1,16,1,1425.08,190.8,85.77,0.06,12
C10530,3908.54,0.51,5055.62,2349.83,2250.61,236.73,0.15,0.81,0.61,0.11,2,50,7961.6,4036.93,577.31,0.12,11
C10531,4085.68,0.99,3602.56,1680.08,1255.13,205.7,0.7,0.98,0.37,0.09,11,13,8177.97,4531.69,1173.17,0.01,10
C10532,1188.67,0.24,522.29,221.02,68.5,101.65,0.73,0.94,0.88,0.17,4,1,3220.09,1246.73,290.08,0.75,11
C10533,892.82,0.24,578.71,259.55,226.85,194.7,0.05,0.52,0.08,0.03,9,40,2036.23,817.54,233.89,0.78,11
C10534,27.44,0.86,11.46,4.28,3.17,221.81,0.33,0.71,0.62,0.08,15,58,1396.74,16.08,7.49,0.21,12
C10535,341.37,0.41,133.04,54.31,55.54,93.59,0.58,0.4,0.7,0.05,18,42,1947.7,400.18,46.11,0.01,12
C10536,1032.09,0.35,698.23,360.92,247.38,82.9,0.82,0.65,0.61,0.01,1,8,2845.12,751.82,261.3,0.81,11
C10537,368.74,0.9,59.6,30.33,6.03,111.24,0.31,0.01,0.68,0.07,8,17,1043.07,191.65,31.82,0.23,8
C10538,403.01,0.63,0.0,0.0,0.0,0.0,0.3,0.37,0.25,0.14,1,17,1160.88,202.04,118.59,0.17,12
C10539,4872.53,0.69,4028.76,2550.27,970.83,122.43,0.74,0.91,0.77,0.1,10,17,10117.24,4955.54,968.75,0.0,12
C10540,1538.86,0.21,227.78,68.98,66.68,2136.25,0.22,0.68,0.55,0.34,19,37,5464.1,1666.76,343.99,0.22,12
C10541,1183.7,0.41,765.65,300.06,362.04,111.56,0.9,0.02,0.79,0.09,6,44,2095.1,1257.24,149.86,0.39,11
C10542,2245.97,0.41,3343.97,2190.56,1433.86,127.57,0.79,0.52,0.12,0.06,7,17,8787.31,2001.89,130.19,0.08,12
C10543,2668.29,0.81,24.47,10.42,10.3,2102.92,0.89,0.37,0.13,0.45,5,33,3730.01,2514.38,242.21,0.23,9
C10544,420.79,0.51,0.0,0.0,0.0,0.0,0.35,0.81,0.4,0.12,16,29,1974.52,477.5,35.98,0.11,12
C10545,1700.44,0.66,1169.73,666.74,160.42,233.01,0.17,0.11,0.39,0.16,16,23,3564.7,1640.14,273.11,0.64,12
C10546,1779.57,0.95,917.23,474.52,365.35,70.57,0.59,0.6,0.13,0.16,16,10,4190.37,1327.26,219.13,0.43,12
C10547,186.97,0.99,93.47,28.22,12.58,50.58,0.19,0.71,0.08,0.05,4,3,1141.68,217.88,53.49,0.04,12
C10548,4387.56,0.3,3249.91,1243.5,443.87,208.64,0.27,0.6,0.08,0.09,4,56,7572.25,5159.37,1142.44,0.17,11
C10549,1265.23,0.64,882.14,300.08,178.22,178.3,0.4,0.27,0.05,0.11,2,39,2624.62,1188.71,234.02,0.81,12
C10550,1589.5,0.76,711.62,261.21,333.77,121.85,0.46,0.79,0.03,0.16,3,50,2405.43,1424.62,418.19,0.6,12
C10551,256.2,0.83,11.13,4.0,4.45,161.55,0.32,0.79,0.81,0.04,14,17,1731.53,296.12,50.28,0.09,12
C10552,79.58,0.94,124.54,68.39,16.27,7.6,0.28,0.36,0.93,0.03,10,12,1719.86,83.14,22.28,0.27,11
C10553,1858.04,0.78,151.46,70.07,70.82,2312.85,0.25,0.27,0.43,0.37,16,34,6449.97,1083.43,439.03,0.11,12
C10554,252.24,0.75,38.44,12.56,15.89,203.58,0.69,0.66,0.19,0.03,13,41,1530.18,295.3,58.97,0.25,12
C10555,124.07,0.24,47.79,15.91,16.32,45.83,0.31,0.37,0.33,0.2,18,43,848.76,124.95,14.73,0.23,12
C10556,244.47,0.64,17.73,12.06,2.67,20.13,0.69,0.35,0.82,0.12,1,32,695.41,248.7,60.78,0.07,11
C10557,1365.39,0.68,640.54,231.82,146.08,106.29,0.74,0.45,0.93,0.1,13,27,4043.63,1065.9,331.91,0.53,11
C10558,1144.92,0.76,468.19,187.99,103.13,108.16,0.71,0.46,0.24,0.04,2,33,4467.82,579.23,80.41,0.45,12
C10559,428.99,0.67,838.03,443.92,298.36,151.81,0.91,0.83,0.03,0.17,6,15,4410.32,296.1,27.66,0.57,10
C10560,14.56,0.53,3.61,1.35,1.21,0.0,0.95,0.95,0.31,0.03,9,9,1724.51,10.66,3.94,0.09,12
C10561,2.13,0.59,60.59,22.96,12.78,0.0,0.15,0.71,0.39,0.08,10,12,1580.13,1.74,0.63,0.21,7
C10562,5148.8,0.97,3768.24,1239.88,845.74,173.7,0.32,0.09,0.0,0.01,4,20,8970.24,5102.11,1035.73,0.05,12
C10563,1365.77,0.46,845.66,585.48,259.94,13.36,0.79,0.34,0.68,0.0,3,42,,1113.68,126.61,0.67,11
C10564,1287.58,0.83,1115.1,604.85,488.6,51.2,0.78,0.19,0.12,0.15,2,52,,979.19,199.96,0.53,12
C10565,3827.8,0.69,3637.0,1861.77,547.33,0.0,0.07,0.66,0.08,0.04,4,53,11194.84,2578.74,211.53,0.09,12
C10566,5425.84,0.56,4714.51,3090.21,1840.05,181.83,0.96,0.6,0.72,0.12,13,23,10696.83,5631.74,1385.93,0.03,11
C10567,298.9,0.53,76.0,40.87,37.87,128.03,0.86,0.98,0.77,0.14,17,58,654.58,314.22,22.65,0.18,12
C10568,1443.36,0.63,1138.12,461.2,455.13,124.82,0.9,0.45,0.18,0.1,6,59,3605.06,1088.65,193.1,0.61,11
C10569,1283.87,0.84,818.34,400.09,226.38,124.28,0.2,0.11,0.77,0.13,16,48,2572.27,837.46,244.8,0.87,12
C10570,251.37,0.3,66.22,32.52,26.0,0.0,0.5,0.6,0.3,0.05,16,4,1271.32,164.4,56.44,0.04,12
C10571,3943.99,0.93,3007.14,1380.97,1336.0,21.19,0.44,0.37,0.31,0.16,5,36,9089.84,3801.89,1091.57,0.08,12
C10572,1350.44,0.82,976.68,587.43,397.9,63.86,0.36,0.18,0.12,0.04,3,17,4891.9,1405.54,209.93,0.36,12
C10573,4865.88,0.48,3590.27,1234.6,377.35,40.1,0.23,0.37,0.23,0.12,7,51,10295.13,5106.69,475.68,0.1,12
C10574,3502.03,0.21,197.15,71.7,30.08,2108.59,0.14,0.24,0.04,0.85,2,13,5663.21,3885.39,270.44,0.28,12
C10575,1083.81,0.28,1322.38,593.59,188.91,119.7,0.87,0.2,0.67,0.16,19,23,3452.25,1114.3,232.63,0.79,12
C10576,2703.09,0.32,276.75,90.9,31.2,2282.15,0.53,0.48,0.85,0.42,16,15,6610.4,2271.01,222.2,0.3,12
C10577,1661.07,0.28,1414.1,982.74,545.57,0.0,0.6,0.81,0.05,0.07,7,52,3130.45,1141.41,356.39,0.77,12
C10578,1450.77,0.28,335.98,167.43,69.53,2331.89,0.26,0.89,0.26,0.62,10,34,2838.58,1104.98,238.01,0.01,12
C10579,315.05,0.97,110.73,35.44,43.05,156.92,0.94,0.26,0.35,0.17,6,25,919.75,220.1,48.56,0.04,12
C10580,1764.47,0.73,1028.62,558.7,376.93,26.07,0.94,0.45,0.39,0.13,0,48,3187.44,1005.12,203.32,0.89,12
C10581,731.42,0.86,735.24,450.29,227.52,84.57,0.67,0.84,0.82,0.02,4,35,3080.12,439.39,,0.36,12
C10582,604.3,0.65,12.16,5.63,1.51,137.32,0.32,0.99,0.04,0.08,0,36,1459.15,307.52,138.41,0.19,12
C10583,1106.29,0.7,1050.95,517.29,233.44,100.9,0.23,0.85,0.61,0.19,8,10,3150.62,705.5,200.42,0.87,12
C10584,2983.39,0.9,72.63,42.14,8.05,2476.35,0.6,0.49,0.53,0.7,8,22,3223.52,3235.92,465.25,0.21,11
C10585,576.63,0.41,1023.86,402.92,475.08,107.58,0.83,0.87,0.84,0.16,7,29,3067.11,505.12,80.79,0.8,12
C10586,169.62,0.76,99.34,53.55,22.2,75.05,0.97,0.71,0.31,0.08,13,25,1775.9,131.05,25.41,0.2,12
C10587,260.92,0.92,37.52,20.72,5.18,6.18,0.07,0.11,0.1,0.15,14,20,829.03,173.82,68.73,0.09,11
C10588,442.18,0.95,51.26,31.87,5.18,119.77,0.33,0.08,0.13,0.01,11,59,2141.28,403.67,68.69,0.06,12
C10589,523.08,0.56,11.78,7.73,4.06,108.0,0.39,0.94,0.63,0.0,6,21,1208.18,617.95,26.73,0.15,12
C10590,2514.84,0.89,37.17,25.14,12.95,1813.71,0.37,0.92,0.55,0.85,6,35,5668.11,1869.98,706.2,0.29,12
C10591,1187.83,0.6,653.02,228.9,325.18,146.56,0.67,0.46,0.59,0.17,9,35,5424.41,1298.6,235.44,0.55,11
C10592,627.21,0.41,14.49,9.08,3.12,201.43,0.55,0.66,0.14,0.14,14,12,911.84,725.94,57.34,0.11,12
C10593,66.3,0.4,799.07,455.61,94.78,47.19,0.89,0.3,0.04,0.12,6,52,2004.69,69.67,5.41,0.38,11
C10594,573.5,0.56,64.58,28.95,26.59,41.79,0.22,0.7,0.57,0.2,14,9,,524.19,82.67,0.13,12
C10595,331.03,0.41,50.67,33.91,11.24,38.87,0.4,0.45,0.08,0.07,6,49,1083.48,235.5,67.22,0.01,12
C10596,3913.41,0.22,3990.75,2570.23,926.91,0.0,0.54,0.35,0.93,0.17,10,35,9176.5,2048.16,1114.51,0.2,10
C10597,1096.67,0.28,1058.92,645.67,490.38,260.36,0.82,0.44,0.8,0.02,5,20,1523.69,1113.79,69.76,0.57,10
C10598,2750.85,0.88,165.84,53.57,54.75,1873.02,0.82,0.46,0.18,0.46,1,16,5757.92,3216.23,380.15,0.16,11
C10599,936.93,0.91,1146.17,425.0,298.16,31.32,0.86,0.94,0.6,0.1,9,44,1825.98,920.47,107.08,0.87,11
C10600,1225.79,0.9,1236.78,825.34,593.93,9.86,0.52,0.88,0.13,0.19,14,26,4335.99,643.97,190.36,0.74,10
C10601,2320.63,0.64,4326.96,2998.13,891.86,68.96,0.24,0.19,0.94,0.14,8,32,7483.44,1386.84,575.57,0.01,12
C10602,2823.67,0.95,299.67,123.14,32.54,2397.26,0.73,0.28,0.59,0.54,15,21,6710.69,2188.54,253.11,0.1,10
C10603,5148.0,0.6,3667.89,1507.34,705.52,215.05,0.95,0.3,0.32,0.19,1,20,8823.94,6139.01,1460.71,0.11,12
C10604,1620.11,0.57,21.59,11.75,2.54,3015.89,0.29,0.01,0.68,0.52,0,16,5676.51,906.33,184.87,0.23,12
C10605,4287.17,0.58,2987.17,987.18,785.92,0.0,0.2,0.53,0.0,0.15,18,54,9393.79,3097.56,1021.11,0.29,10
C10606,1986.15,0.4,50.27,27.05,21.74,1189.23,0.02,0.48,0.29,0.86,11,53,6182.52,1760.36,416.83,0.06,11
C10607,232.55,0.69,59.33,40.79,29.07,91.42,0.67,0.12,0.23,0.08,6,9,1871.36,134.5,43.47,0.04,9
C10608,5345.91,0.56,4233.05,1772.72,1609.1,82.16,0.55,0.99,0.35,0.02,12,8,8744.22,3113.05,1395.13,0.19,8
C10609,1704.61,0.98,541.45,323.3,254.72,144.77,0.13,0.76,0.09,0.12,15,48,3456.02,934.28,343.97,0.62,11
C10610,1436.42,0.34,811.32,413.74,213.71,110.94,0.2,0.18,0.97,0.03,17,21,2034.24,1223.75,352.81,0.87,12
C10611,4161.08,0.26,3345.78,1388.25,739.7,96.25,0.66,0.71,0.47,0.12,18,12,10272.39,2915.1,820.93,0.07,11
C10612,2625.22,0.48,196.71,91.47,31.81,1176.04,0.44,0.34,0.86,0.42,7,12,3710.52,1385.2,604.11,0.07,12
C10613,2949.51,0.37,78.54,40.88,23.59,2175.8,0.23,0.63,0.06,0.45,0,53,5156.99,2510.85,182.49,0.17,9
C10614,192.6,0.99,30.5,18.44,7.04,43.97,0.61,0.47,0.84,0.17,8,15,1984.13,194.78,40.69,0.14,12
C10615,5818.39,0.65,4451.24,2298.25,636.59,13.25,0.05,0.14,0.65,0.08,2,43,7586.43,5633.3,1584.05,0.1,11
C10616,4511.95,0.49,2850.66,1910.1,1347.69,121.54,0.02,0.46,0.68,0.09,10,27,9052.87,4417.26,959.17,0.09,10
C10617,4.85,0.71,72.78,25.24,10.88,0.0,0.26,0.96,0.81,0.01,3,27,1854.78,4.3,1.24,0.08,11
C10618,148.26,0.56,23.24,15.87,9.2,64.23,0.29,0.75,0.53,0.06,13,20,2055.39,155.21,44.14,0.26,12
C10619,20.56,0.37,87.33,45.43,11.11,86.15,0.1,0.63,0.63,0.02,17,4,1803.37,11.18,1.83,0.14,12
C10620,4305.02,0.52,3090.41,1411.47,960.64,96.83,0.11,0.84,0.9,0.03,4,5,9585.73,2727.23,956.91,0.26,9
C10621,1434.24,0.43,1373.61,453.87,508.13,131.92,0.17,0.83,0.13,0.09,10,10,3539.93,1423.22,393.43,0.55,10
C10622,793.16,0.71,102.45,42.88,19.86,2675.37,0.72,0.89,0.06,0.7,19,17,4665.52,582.99,45.36,0.15,12
C10623,558.8,0.85,1065.25,506.18,138.76,46.6,0.81,0.11,0.98,0.19,6,9,3109.32,372.83,52.2,0.46,12
C10624,3032.66,0.41,116.37,78.53,39.26,1701.36,0.18,0.13,0.88,0.78,15,16,3017.28,1573.75,340.91,0.05,8
C10625,420.38,0.7,841.01,506.77,286.92,74.4,0.66,0.8,0.51,0.03,0,45,3045.06,465.76,113.53,0.31,11
C10626,4774.4,0.77,4195.17,1357.63,943.04,213.53,0.23,1.0,0.78,0.15,12,0,7382.37,5187.78,1405.14,0.2,7
C10627,151.65,0.5,12.21,5.27,3.06,73.99,0.88,0.56,0.88,0.0,0,37,1179.55,82.25,42.22,0.07,9
C10628,1366.27,0.59,1314.12,652.55,155.38,98.7,0.27,0.96,0.47,0.13,1,31,2991.1,974.25,230.22,0.66,9
C10629,4368.17,0.49,4684.71,2998.38,1022.75,88.9,0.13,0.66,0.1,0.15,11,13,9120.5,2840.13,947.52,0.27,12
C10630,2827.33,0.5,80.87,49.38,36.64,2322.26,0.44,0.09,0.48,0.76,17,17,4531.82,1822.92,214.85,0.29,6
C10631,4066.17,0.56,2741.34,1059.4,461.96,66.41,0.15,0.93,0.35,0.06,14,22,10996.29,2767.67,1198.59,0.16,12
C10632,192.73,0.44,27.85,8.92,8.0,107.69,0.2,0.84,0.02,0.02,8,16,1024.37,136.44,55.12,0.22,12
C10633,941.19,0.59,1130.49,399.01,419.11,222.47,0.34,0.54,0.96,0.2,7,18,4353.47,936.08,187.37,0.88,12
C10634,0.0,0.8,52.78,26.46,22.23,183.91,0.66,0.74,0.72,0.17,9,25,1599.25,0.0,0.0,0.13,12
C10635,187.06,0.52,6.19,2.08,0.82,184.46,0.12,0.35,0.79,0.15,5,39,2007.27,99.48,53.66,0.11,11
C10636,5726.93,0.96,3945.22,1577.71,1328.49,0.0,0.28,0.62,0.6,0.04,0,38,10672.51,4157.89,1568.88,0.18,7
C10637,4375.86,0.37,4658.72,2928.19,1634.82,5.59,0.86,0.41,0.27,0.09,16,19,9858.82,4232.3,1302.56,0.1,12
C10638,4570.4,0.56,4018.83,1851.8,719.18,117.42,0.27,0.53,0.58,0.14,10,17,12587.43,3263.94,808.79,0.22,12
C10639,3029.98,0.68,167.6,117.06,18.83,2832.37,0.17,0.64,0.68,0.35,17,46,7051.47,1920.37,415.24,0.04,12
C10640,3341.84,0.63,2785.04,1677.69,1219.14,58.47,0.53,0.05,0.6,0.19,11,45,9024.14,2063.51,482.19,0.22,12
C10641,4990.31,0.96,3769.87,1530.44,1040.59,44.19,0.03,0.1,0.13,0.19,7,41,10079.75,4583.9,869.69,0.15,11
C10642,381.02,0.46,120.08,36.39,14.93,211.51,0.8,0.08,0.81,0.03,1,41,2054.34,230.8,105.95,0.02,12
C10643,322.4,0.5,43.7,22.32,14.47,154.87,0.22,0.59,0.3,0.04,14,14,653.86,182.99,26.49,0.25,12
C10644,1706.37,0.68,1777.09,1034.88,445.63,184.64,0.13,0.41,0.4,0.07,12,39,2257.35,1748.67,361.98,0.71,11
C10645,3019.82,0.68,149.24,72.81,19.71,2826.06,0.81,0.5,0.55,0.52,17,19,3750.19,2236.58,841.91,0.22,12
C10646,423.92,0.83,4.69,3.11,1.01,58.4,0.84,0.5,0.98,0.09,4,31,696.69,477.41,50.21,0.04,12
C10647,1456.68,0.84,1066.72,647.69,246.13,175.91,0.73,0.04,0.31,0.14,7,32,3959.23,1234.5,264.1,0.61,11
C10648,4163.77,0.21,3172.87,1612.16,1046.93,78.98,0.23,0.8,0.04,0.09,4,47,7684.61,2465.99,1035.18,0.26,9
C10649,474.29,0.81,21.93,6.74,5.73,51.13,0.53,0.7,0.97,0.04,3,54,1153.46,301.14,84.75,0.14,12
C10650,662.28,0.77,953.49,415.05,136.16,26.94,0.97,0.69,0.96,0.05,17,25,2751.07,739.78,120.45,0.34,12
C10651,1759.49,0.67,169.64,84.44,60.08,2115.42,0.48,0.03,0.2,0.61,7,6,5276.57,1034.39,425.19,0.16,12
C10652,3842.8,0.45,4758.6,1903.89,1863.09,170.01,0.95,0.65,0.83,0.1,0,1,8944.25,2770.16,350.37,0.11,12
C10653,248.2,0.93,87.05,55.28,26.37,0.0,0.68,0.5,0.92,0.18,1,21,1825.57,176.81,56.77,0.29,12
C10654,2197.52,0.79,107.65,50.57,13.49,1588.37,0.84,0.76,0.01,0.71,6,25,5716.56,2618.14,611.93,0.06,11
C10655,628.19,0.41,39.69,15.14,5.61,43.34,0.19,0.1,0.75,0.16,0,35,2630.76,742.58,47.41,0.16,11
C10656,3893.69,0.44,231.25,141.44,110.51,1040.46,0.93,0.75,0.18,0.5,17,21,3408.55,3833.14,253.28,0.1,12
C10657,224.87,0.77,64.71,35.16,11.37,88.3,0.85,0.96,0.83,0.15,16,19,1598.4,149.51,16.16,0.05,11
C10658,1225.55,0.93,873.07,330.74,194.69,82.34,0.79,0.85,0.02,0.05,18,44,2837.71,766.58,286.6,0.71,12
C10659,1873.5,0.59,1165.85,598.19,437.2,77.03,0.94,0.89,0.69,0.08,17,17,3360.87,1015.56,276.91,0.37,8
C10660,250.73,0.9,43.53,25.15,18.14,64.45,0.79,0.08,0.82,0.09,0,2,1251.52,136.13,41.65,0.08,12
C10661,531.36,0.51,33.76,16.18,15.68,2794.58,0.58,0.53,0.04,0.41,12,25,5372.87,615.61,123.32,0.15,11
C10662,0.0,0.52,31.96,13.45,8.25,205.58,0.65,0.25,0.76,0.03,17,37,1339.93,0.0,0.0,0.13,12
C10663,308.57,0.75,111.42,64.16,55.37,102.0,0.82,0.54,0.12,0.07,17,11,1468.59,197.12,61.72,0.27,12
C10664,302.67,0.24,68.48,39.37,9.69,89.92,0.75,0.71,0.08,0.11,9,0,1266.75,316.87,79.5,0.2,8
C10665,3452.36,0.31,2977.47,913.41,1282.14,48.43,0.59,0.75,0.92,0.13,18,36,6711.12,1910.85,562.1,0.02,12
C10666,3453.53,0.78,3386.29,1333.01,707.2,67.36,0.6,0.99,0.92,0.02,3,11,8723.1,2989.62,927.98,0.04,12
C10667,2547.22,0.39,79.23,44.25,37.62,2933.6,0.88,0.96,0.74,0.67,13,52,4492.39,1622.7,460.54,0.18,12
C10668,422.43,0.34,70.5,27.47,31.56,161.23,0.01,0.25,0.89,0.14,5,20,2789.41,343.88,63.56,0.07,8
C10669,916.99,0.27,1414.64,969.12,572.8,39.71,0.72,0.92,0.02,0.07,18,54,2645.07,605.53,105.7,0.57,12
C10670,415.1,0.38,27.99,10.22,9.56,0.0,0.57,0.88,0.51,0.03,17,5,1451.31,247.21,96.54,0.3,12
C10671,1403.86,0.4,1065.73,638.68,197.99,104.66,0.84,0.72,0.87,0.05,18,28,3224.47,1612.75,288.47,0.42,9
C10672,3050.96,0.47,320.64,224.23,91.31,2751.25,0.21,0.26,0.89,0.63,1,24,5600.06,3490.14,768.98,0.09,12
C10673,3346.57,0.95,2427.45,1064.76,276.52,53.14,0.53,0.19,0.37,0.19,5,17,8654.34,2828.86,624.72,0.01,12
C10674,938.29,0.72,680.99,368.59,261.34,172.92,0.13,0.44,0.32,0.15,7,21,1881.41,985.52,250.25,0.59,7
C10675,1335.58,0.75,1080.03,369.68,158.06,0.0,0.66,0.04,0.7,0.16,18,22,4356.49,856.41,162.76,0.46,11
C10676,1404.41,0.31,187.92,103.12,38.21,1382.53,0.76,0.28,0.06,0.58,13,3,5263.98,1092.46,326.7,0.09,11
C10677,1018.5,0.35,633.81,440.51,125.51,184.37,0.62,0.07,0.78,0.07,19,13,3275.23,670.05,151.07,0.86,12
C10678,457.18,0.92,29.73,20.49,12.34,49.76,0.55,0.52,0.25,0.19,17,16,2044.2,255.4,35.88,0.27,12
C10679,1231.06,0.71,1015.71,472.01,264.35,63.94,0.34,0.62,0.52,0.02,5,35,4277.83,980.8,224.15,0.48,12
C10680,333.8,0.85,30.24,19.0,9.49,140.35,0.64,0.11,0.19,0.16,3,17,1563.09,340.95,35.99,0.22,12
C10681,332.5,0.49,39.18,24.71,7.19,142.5,0.9,0.87,0.73,0.05,12,8,1638.32,339.61,21.76,0.26,12
C10682,399.22,0.66,21.75,9.37,5.08,49.29,0.72,0.1,0.96,0.12,15,41,2211.71,323.52,56.21,0.16,11
C10683,1499.2,0.6,313.42,197.17,95.52,0.0,0.02,0.4,0.54,0.2,4,19,,1217.99,441.34,0.42,12
C10684,1480.63,0.36,775.43,283.0,137.78,269.1,0.51,0.5,0.95,0.17,13,1,3863.79,1365.18,404.99,0.75,12
C10685,432.05,0.86,41.47,28.68,15.59,176.49,0.74,0.58,0.4,0.17,7,10,1126.91,498.23,127.43,0.22,9
C10686,1103.73,0.47,577.68,372.99,161.58,112.55,0.5,0.32,0.29,0.16,15,33,4659.94,667.8,63.07,0.76,7
C10687,3116.65,0.57,51.8,26.12,25.56,1691.67,0.59,0.71,0.84,0.35,12,12,4342.31,2441.7,274.93,0.11,12
C10688,3234.53,0.31,3646.33,1655.9,724.21,149.71,0.91,0.34,0.04,0.08,13,55,11794.9,3667.88,351.84,0.19,11
C10689,962.74,0.71,709.26,481.15,183.29,159.29,0.87,0.25,0.28,0.1,0,40,2544.67,851.15,225.46,0.8,12
C10690,250.32,0.83,24.66,8.1,11.59,0.0,0.08,0.45,0.69,0.06,16,17,653.71,264.1,73.73,0.11,7
C10691,2458.85,0.53,129.46,64.65,58.83,1224.66,0.51,0.11,0.19,0.51,12,59,5628.65,2025.7,372.75,0.11,12
C10692,383.43,0.98,100.86,49.91,29.62,63.61,0.62,0.97,0.89,0.03,4,42,2217.77,438.92,75.11,0.14,11
C10693,231.54,0.41,65.42,29.6,9.78,87.09,0.85,0.55,0.48,0.18,9,40,1768.14,260.06,16.7,0.3,12
C10694,2334.63,0.9,169.56,58.51,44.68,3257.18,0.27,0.14,0.25,0.45,5,4,7231.85,1896.1,483.98,0.24,7
C10695,1527.76,0.78,884.8,354.41,296.35,0.0,0.14,0.8,0.37,0.01,2,14,2267.9,769.24,420.14,0.9,9
C10696,2481.75,0.94,4248.21,2945.06,856.83,0.0,0.6,0.72,0.28,0.13,9,36,5820.58,2224.42,533.1,0.11,12
C10697,865.19,0.79,813.45,506.93,143.54,45.46,0.47,0.43,0.7,0.15,13,24,3487.29,556.09,184.57,0.56,12
C10698,3338.55,0.6,3264.72,2074.12,1020.47,112.35,0.26,0.98,0.11,0.17,15,51,9536.44,2231.45,573.79,0.23,12
C10699,120.62,0.53,92.39,46.55,15.74,166.57,0.94,0.5,0.85,0.07,18,37,1342.99,96.59,19.6,0.2,10
C10700,320.88,0.86,1.62,0.91,0.73,230.51,0.32,0.21,0.15,0.13,12,4,1405.08,261.52,45.71,0.21,11
C10701,130.59,0.87,48.56,24.38,6.3,77.09,0.06,0.79,0.28,0.06,0,52,1227.24,143.97,33.31,0.02,12
C10702,65.65,0.67,36.6,20.9,18.12,166.44,0.06,0.93,0.63,0.17,7,56,1466.97,34.27,13.86,0.03,12
C10703,2065.29,0.76,0.0,0.0,0.0,1304.79,0.2,0.26,0.35,0.66,8,42,3842.85,1459.24,257.97,0.09,12
C10704,402.67,0.57,114.45,45.44,56.47,143.33,0.12,0.01,0.51,0.02,19,46,1146.17,379.57,72.27,0.14,10
C10705,1986.75,0.37,1349.27,917.99,540.53,98.06,0.39,0.61,0.57,0.06,2,8,3691.09,1858.38,156.81,0.4,12
C10706,3439.93,0.24,2343.05,1559.17,377.6,68.04,0.08,0.73,0.26,0.02,17,44,6420.81,2485.13,211.35,0.23,12
C10707,3722.09,0.72,4360.4,2039.43,832.73,14.77,0.56,0.26,0.53,0.08,4,36,8253.49,2324.68,312.9,0.27,10
C10708,1161.0,0.74,1363.24,941.63,194.64,9.47,0.41,0.96,0.94,0.0,13,7,3886.23,805.63,309.86,0.76,11
C10709,912.42,0.73,813.92,531.5,318.76,127.77,0.6,0.17,0.0,0.16,9,11,4394.53,1026.14,104.3,0.85,6
C10710,3119.98,0.65,154.15,48.72,25.81,2137.98,0.99,0.8,0.6,0.37,19,32,3564.89,2134.08,907.21,0.3,12
C10711,3680.36,0.47,2789.21,883.75,1076.17,66.76,0.99,0.88,0.32,0.11,5,22,10111.34,3107.06,495.27,0.06,12
C10712,3782.9,0.39,3093.42,1803.2,1372.86,153.18,0.42,0.17,0.86,0.15,9,34,7908.6,4386.72,576.61,0.02,8
C10713,3797.01,0.25,246.49,151.22,65.24,2185.23,0.37,0.5,0.1,0.87,12,57,5692.43,2213.25,960.68,0.27,12
C10714,3475.41,0.32,4493.62,1795.09,1637.54,26.95,0.68,0.03,0.06,0.06,3,37,8722.25,3856.01,368.34,0.04,12
C10715,412.6,0.7,3.01,1.5,1.38,78.68,0.37,0.64,0.4,0.16,5,53,1762.5,421.01,114.44,0.22,12
C10716,1405.91,0.81,1680.59,866.68,674.34,165.65,0.78,0.55,0.67,0.13,15,1,2840.52,1180.68,299.96,0.75,12
C10717,526.19,0.93,24.28,11.61,3.7,18.12,0.6,0.78,0.01,0.04,15,15,1025.91,612.62,34.48,0.11,10
C10718,4388.16,0.27,4134.49,1354.66,897.21,116.74,0.2,0.5,0.81,0.01,13,53,10342.02,2422.65,1268.86,0.28,12
C10719,2692.83,0.85,144.27,55.91,45.34,3182.56,0.41,0.35,0.34,0.41,3,43,2979.31,2957.31,328.18,0.11,12
C10720,943.03,0.68,726.7,454.77,149.49,39.14,0.86,0.14,0.92,0.03,4,21,2779.13,602.01,101.84,0.63,12
C10721,1145.06,0.44,1207.67,397.61,365.16,76.53,0.55,0.05,0.91,0.02,18,19,4144.47,856.44,314.39,0.39,12
C10722,251.02,0.78,50.07,27.48,24.09,0.0,0.71,0.53,0.76,0.08,18,44,992.67,147.01,32.97,0.06,12
C10723,1842.31,0.99,114.09,63.17,32.09,1579.06,0.71,0.92,0.74,0.41,8,0,5094.67,1559.89,424.96,0.11,8
C10724,333.18,0.5,62.19,42.45,12.73,0.0,0.48,0.77,0.6,0.14,11,4,1153.79,206.03,19.5,0.2,12
C10725,322.93,0.7,63.36,44.04,10.05,185.79,0.3,0.39,0.79,0.16,1,51,1357.7,219.13,90.5,0.02,12
C10726,404.38,0.41,69.82,47.34,32.15,92.64,0.6,0.98,0.18,0.05,13,45,1125.84,219.07,61.59,0.1,11
C10727,509.5,0.36,84.87,43.84,16.29,54.25,0.11,0.18,0.82,0.17,1,49,2074.26,363.56,48.22,0.11,6
C10728,1040.41,0.32,908.32,287.67,161.18,192.84,0.6,1.0,0.57,0.08,1,28,2668.22,639.54,307.25,0.41,6
C10729,1092.71,0.23,1288.88,529.63,413.03,17.45,0.1,0.23,0.78,0.2,10,17,4133.43,1070.57,257.27,0.72,12
C10730,334.87,0.78,78.45,38.46,22.33,40.19,0.9,0.17,0.49,0.11,16,23,776.6,317.03,83.17,0.27,12
C10731,103.47,0.32,0.0,0.0,0.0,0.0,0.74,0.86,0.63,0.12,18,46,1846.83,99.93,18.13,0.28,11
C10732,215.69,0.74,133.56,42.05,44.27,204.76,0.18,0.47,0.34,0.18,8,14,1882.93,209.91,47.91,0.07,12
C10733,1797.32,0.9,1177.47,505.85,385.93,249.83,0.78,0.89,0.42,0.19,10,1,4027.81,1028.45,220.57,0.62,12
C10734,388.82,0.88,58.69,26.7,7.47,0.0,0.73,0.75,0.36,0.0,10,29,869.51,252.61,69.8,0.22,12
C10735,2976.4,0.44,4625.42,2462.29,1230.21,34.74,0.73,0.16,0.74,0.05,9,32,9113.49,3024.71,432.03,0.08,12
C10736,255.3,0.3,98.41,66.25,38.22,105.59,0.34,0.12,0.2,0.12,14,25,2713.65,213.82,39.9,0.25,12
C10737,275.84,0.55,22.24,10.15,5.62,58.74,0.52,0.45,0.93,0.0,15,58,1348.84,259.59,14.09,0.29,7
C10738,1449.47,0.35,515.88,164.69,257.46,97.49,0.59,0.56,0.83,0.06,9,36,4812.91,782.17,366.3,0.41,10
C10739,1000.72,0.5,725.88,374.56,140.93,90.59,0.38,0.42,0.86,0.04,4,47,3560.89,770.97,104.56,0.45,12
C10740,396.2,0.66,139.06,61.63,41.51,132.6,0.56,0.21,0.91,0.1,16,14,1764.98,319.57,66.72,0.0,9
C10741,474.99,0.72,0.0,0.0,0.0,23.12,0.24,0.22,0.44,0.12,13,34,1756.62,467.69,102.0,0.12,7
C10742,2434.28,0.37,154.69,73.11,49.37,1263.6,0.87,0.51,0.89,0.7,8,21,5179.36,2771.28,142.67,0.07,9
C10743,480.38,0.38,0.0,0.0,0.0,10.71,0.96,0.01,0.44,0.11,4,21,1207.48,433.39,65.14,0.23,12
C10744,1579.87,0.89,788.81,465.04,240.95,67.05,0.33,0.44,0.1,0.08,8,6,4196.19,1631.66,183.2,0.48,12
C10745,885.88,0.96,1207.08,600.28,587.33,0.0,0.34,0.03,0.05,0.2,16,44,3445.06,841.98,73.72,0.63,12
C10746,117.93,0.71,95.49,49.85,25.08,67.64,0.22,0.87,0.06,0.01,6,27,882.62,134.08,29.88,0.18,12
C10747,669.98,0.65,873.92,315.34,128.0,54.18,0.86,0.62,0.19,0.17,17,58,3421.09,715.23,124.22,0.49,12
C10748,4948.91,0.73,4394.99,1978.08,476.87,175.49,0.16,0.16,0.36,0.2,4,35,10946.84,3331.19,811.95,0.21,12
C10749,4168.69,0.3,4516.43,1438.8,1196.43,95.26,0.8,0.77,0.98,0.11,3,11,9452.96,2733.05,346.51,0.25,12
C10750,228.5,0.92,38.72,23.31,6.74,109.8,0.83,0.49,0.24,0.14,1,43,1340.46,260.1,40.79,0.14,11
C10751,267.6,0.37,39.52,15.74,17.15,98.2,0.32,0.51,0.91,0.03,2,2,1459.74,245.71,31.27,0.17,12
C10752,385.92,0.74,69.82,24.31,33.58,0.0,0.78,0.26,0.81,0.07,5,44,1717.38,314.42,31.51,0.04,12
C10753,1520.54,0.38,1677.21,898.65,798.71,0.0,0.45,0.39,0.86,0.04,14,22,4098.56,1505.49,276.29,0.34,12
C10754,3909.32,0.76,3439.95,1829.27,859.34,74.51,0.35,0.88,0.78,0.12,10,2,12152.66,2725.58,861.79,0.28,11
C10755,98.19,0.8,60.67,25.87,17.1,122.28,0.89,0.15,0.97,0.19,13,31,1798.91,104.67,6.3,0.21,12
C10756,214.24,0.79,76.45,52.37,17.28,81.21,0.45,0.62,0.12,0.01,1,28,1404.55,186.27,13.72,0.0,12
C10757,3276.6,0.54,150.21,83.25,22.78,2828.53,0.06,0.22,0.48,0.64,12,14,5369.88,3636.0,768.84,0.09,10
C10758,313.64,0.69,65.55,43.96,21.21,80.77,0.63,0.44,0.34,0.14,12,6,2042.46,298.14,31.89,0.29,12
C10759,803.38,0.68,815.65,342.77,142.32,73.83,0.66,0.53,0.28,0.09,10,36,2706.93,548.03,71.03,0.63,8
C10760,4054.04,0.78,3643.16,1897.07,450.89,162.32,0.63,0.12,0.45,0.11,12,27,10362.88,4766.83,1177.84,0.1,11
C10761,212.22,0.6,69.56,32.37,30.59,157.84,0.36,0.08,0.48,0.09,2,18,2010.53,165.89,20.16,0.18,7
C10762,512.99,0.61,77.07,35.86,32.32,55.73,0.68,0.48,0.99,0.12,9,33,1136.84,531.54,113.45,0.05,9
C10763,510.54,0.75,108.45,34.61,51.03,96.01,0.29,0.41,0.26,0.01,14,58,1934.25,346.59,129.55,0.28,9
C10764,2608.35,0.34,194.65,75.49,44.96,635.16,0.46,0.92,0.91,0.61,2,52,3198.96,2065.7,344.83,0.12,12
C10765,75.22,0.72,54.01,34.99,24.21,133.97,0.22,0.7,0.17,0.1,3,15,1315.67,76.48,12.47,0.06,10
C10766,643.43,0.32,67.2,43.01,17.43,232.21,0.61,0.9,0.67,0.04,14,22,2079.98,635.31,121.31,0.02,8
C10767,358.09,0.78,20.6,7.05,2.66,97.75,0.81,0.93,0.31,0.11,10,48,1502.57,414.42,35.86,0.01,12
C10768,251.42,0.51,34.48,10.59,9.76,193.5,0.1,0.02,0.96,0.09,4,7,1799.07,266.12,31.18,0.19,12
C10769,1383.93,0.87,919.64,313.43,295.68,7.19,0.03,0.88,0.63,0.12,6,57,3187.76,1006.02,402.41,0.64,12
C10770,405.35,0.27,109.48,60.82,29.87,48.99,0.76,0.96,0.06,0.11,17,24,1673.85,447.63,47.99,0.2,12
C10771,1644.06,0.57,1487.5,588.94,616.08,0.0,0.32,0.45,0.92,0.08,6,29,2598.4,1882.04,416.08,0.35,12
C10772,1114.57,0.33,889.22,538.02,214.06,112.1,0.32,0.64,0.29,0.16,7,58,3203.16,1301.66,204.84,0.84,12
C10773,5473.0,0.9,2488.64,752.4,1165.74,151.8,0.56,0.35,0.93,0.07,16,11,10534.58,6186.26,1157.16,0.25,12
C10774,122.12,0.3,96.37,56.5,12.5,0.0,0.49,0.1,0.01,0.09,4,9,2152.29,120.5,20.07,0.18,12
C10775,2390.76,0.59,179.85,117.72,69.81,2485.08,0.12,0.26,0.22,0.85,9,53,5189.34,2527.2,471.15,0.18,12
C10776,1159.8,0.28,454.1,144.37,214.15,148.34,0.76,0.08,0.28,0.1,6,43,3904.81,1105.86,214.59,0.45,11
C10777,342.15,0.84,0.0,0.0,0.0,143.78,0.18,0.49,0.69,0.16,9,24,1045.42,247.65,58.33,0.26,7
C10778,3630.13,0.43,5588.21,3728.16,2522.92,4.33,0.83,0.65,0.8,0.14,5,6,9891.95,3888.84,910.11,0.03,12
C10779,2228.17,0.68,284.29,146.22,107.1,955.29,0.76,0.01,0.63,0.52,17,32,3232.78,1469.03,601.72,0.24,11
C10780,169.77,0.34,74.89,30.99,7.92,100.74,0.17,0.23,0.06,0.1,2,45,865.21,136.14,19.33,0.13,10
C10781,1953.2,0.48,325.37,170.86,119.9,3291.06,0.76,0.07,0.43,0.71,11,2,,1446.25,164.0,0.03,12
C10782,1603.22,0.29,680.89,288.86,246.91,89.93,0.66,0.97,0.49,0.15,12,12,2893.38,994.8,405.3,0.66,12
C10783,962.44,0.64,1421.2,956.87,142.14,130.48,0.98,0.8,0.36,0.2,16,20,3680.81,1019.45,99.11,0.84,10
C10784,2466.57,0.2,0.0,0.0,0.0,1977.2,0.71,0.03,0.42,0.66,1,16,4654.7,2048.11,657.48,0.17,12
C10785,652.6,0.99,430.14,266.47,49.69,83.68,0.39,0.81,0.48,0.08,17,33,4925.91,567.04,49.37,0.3,11
C10786,4518.06,0.53,3335.79,1814.63,724.53,122.73,0.62,0.83,0.55,0.01,4,59,,3846.8,328.69,0.28,12
C10787,71.01,0.7,108.65,45.13,53.74,199.98,0.66,0.81,0.63,0.07,13,41,2262.79,69.77,6.78,0.14,8
C10788,2578.91,0.43,4096.89,2048.66,1950.59,89.34,0.75,0.88,0.21,0.11,1,30,8213.11,1606.99,136.58,0.25,12
C10789,1410.03,0.4,800.5,521.89,299.34,9.97,0.47,0.47,0.9,0.18,2,57,2982.6,1199.32,334.05,0.78,8
C10790,0.0,0.88,149.29,67.65,36.84,154.08,0.83,0.24,0.83,0.1,10,49,500.0,0.0,0.0,0.23,12
C10791,1077.25,0.81,863.84,377.1,223.37,214.79,0.29,0.87,0.79,0.2,2,35,3155.17,1271.33,308.44,0.56,10
C10792,355.16,0.71,99.15,67.68,11.43,203.1,0.96,0.83,0.81,0.07,8,3,901.19,192.54,50.19,0.29,12
C10793,295.51,0.8,27.99,12.14,6.59,157.2,0.31,0.27,0.53,0.0,8,16,1172.77,339.8,66.71,0.19,11
C10794,0.0,0.34,88.56,57.01,36.64,0.0,0.04,0.58,0.95,0.13,9,55,2405.08,0.0,0.0,0.12,12
C10795,26.42,0.95,0.0,0.0,0.0,49.13,0.2,0.56,0.37,0.04,1,33,1326.52,15.23,3.47,0.23,12
C10796,299.65,0.56,33.58,20.71,9.76,53.23,0.93,0.49,0.42,0.05,14,55,947.73,339.92,81.85,0.02,12
C10797,595.57,0.89,46.06,25.16,6.28,103.59,0.79,0.61,0.82,0.0,6,4,1743.82,567.88,89.02,0.05,12
C10798,4091.1,0.79,2376.06,827.06,1111.05,235.06,0.44,0.08,0.87,0.11,14,10,10440.24,2974.6,768.49,0.2,12
C10799,4863.21,0.43,4994.34,1626.05,1064.94,13.56,0.91,0.45,0.45,0.05,4,8,8967.52,4434.54,727.29,0.19,12
C10800,3041.93,0.66,2979.06,1249.19,754.18,279.38,0.25,0.28,0.85,0.2,4,5,10774.54,1874.76,483.17,0.16,12
C10801,308.29,0.97,76.4,43.01,17.75,69.41,0.23,0.0,0.63,0.17,0,21,1067.39,168.14,19.63,0.2,12
C10802,3098.07,0.23,159.28,70.73,36.87,2710.03,0.13,0.52,0.39,0.76,17,59,5515.39,1655.79,395.16,0.28,12
C10803,1894.03,0.54,1116.25,455.94,379.22,167.62,0.44,0.36,0.91,0.07,7,1,500.0,1305.02,543.74,0.84,11
C10804,196.48,0.7,78.27,41.7,27.46,173.94,0.51,0.43,0.5,0.01,2,56,1386.59,122.92,50.67,0.1,8
C10805,512.71,0.47,31.62,21.53,10.73,152.0,0.15,0.11,0.85,0.13,4,4,975.87,401.11,138.45,0.09,11
C10806,2706.43,0.45,3603.99,1256.86,459.15,38.44,0.11,0.51,0.81,0.0,2,0,8922.95,3014.06,617.64,0.28,12
C10807,463.68,0.8,123.17,68.71,60.08,140.16,0.39,0.27,0.1,0.09,2,0,1539.74,354.71,98.91,0.06,12
C10808,1752.93,0.93,898.28,597.32,346.37,17.32,0.23,0.0,0.87,0.01,1,46,2569.1,1365.52,481.44,0.43,11
C10809,3343.97,0.63,177.46,91.65,80.4,1642.85,0.57,0.78,0.16,0.32,14,10,4571.63,1954.69,616.85,0.27,11
C10810,341.04,0.96,0.0,0.0,0.0,92.41,0.52,0.63,0.81,0.11,11,6,1461.21,406.56,95.15,0.2,7
C10811,365.22,0.28,12.75,6.88,6.03,34.4,0.16,0.53,0.76,0.11,18,49,1710.84,219.74,56.17,0.01,7
C10812,3241.83,0.38,107.5,61.17,41.78,1395.9,0.01,0.62,0.74,0.62,19,38,2597.66,2388.63,646.43,0.29,12
C10813,1907.37,0.27,983.46,606.31,295.32,53.75,0.64,0.32,0.92,0.05,12,21,1512.03,2216.4,320.28,0.74,10
C10814,299.75,0.55,0.0,0.0,0.0,82.36,0.77,0.12,0.6,0.05,10,45,1508.22,245.33,16.41,0.16,12
C10815,2640.0,0.7,150.49,78.87,30.29,2308.6,0.49,0.36,0.34,0.39,18,54,4002.26,1944.81,263.31,0.07,8
C10816,644.84,0.36,108.17,59.03,47.11,1413.4,0.58,0.79,0.59,0.67,18,32,5747.3,645.24,181.82,0.19,12
C10817,1211.9,0.56,1503.58,523.33,378.41,46.71,0.96,0.61,0.7,0.02,3,53,3451.11,633.97,241.8,0.73,9
C10818,1094.4,0.75,1341.28,646.77,498.03,191.36,0.77,0.79,0.36,0.18,11,20,2953.86,793.26,67.46,0.36,12
C10819,48.09,0.71,31.46,19.14,12.34,185.48,0.33,0.9,0.25,0.05,15,51,1877.3,43.57,14.03,0.17,12
C10820,40.99,0.7,89.61,28.34,36.76,64.32,0.85,0.25,0.49,0.03,17,38,1356.62,48.93,11.56,0.09,10
C10821,891.95,0.68,721.81,335.93,182.58,102.37,0.55,0.91,0.9,0.12,8,12,2395.01,1050.08,203.36,0.73,12
C10822,127.27,0.99,103.0,36.9,47.78,62.1,0.52,0.66,0.63,0.06,12,37,1075.69,119.43,15.37,0.23,12
C10823,4372.4,0.77,3943.91,1460.43,855.35,143.66,0.69,0.56,0.9,0.08,9,20,6951.94,3227.17,541.06,0.15,10
C10824,3191.3,0.93,3314.58,1673.96,1439.94,84.44,0.43,0.5,0.48,0.01,12,4,6931.38,2824.42,849.89,0.15,12
C10825,290.29,0.96,38.59,12.03,10.42,66.6,0.88,0.47,0.95,0.09,13,28,1425.94,334.91,18.91,0.14,12
C10826,1187.37,0.89,922.5,433.56,178.68,103.69,0.17,0.07,0.79,0.06,11,3,2055.49,1148.21,129.83,0.42,12
C10827,323.75,0.28,117.92,36.59,27.99,0.0,0.42,0.05,0.35,0.03,15,25,1068.1,195.69,29.66,0.26,11
C10828,2719.22,0.62,90.11,60.4,37.83,845.59,0.06,0.33,0.45,0.48,1,53,2847.26,3208.89,622.92,0.02,12
C10829,251.46,0.51,75.92,49.59,26.26,151.97,0.71,0.2,1.0,0.15,1,4,2204.66,284.53,36.57,0.12,12
C10830,757.92,0.28,475.59,182.94,73.56,111.04,0.27,0.09,0.95,0.15,16,40,3800.55,493.97,211.45,0.49,12
C10831,495.15,0.65,1342.2,437.99,200.78,176.13,0.43,0.02,0.41,0.07,7,14,4073.08,475.24,124.15,0.34,6
C10832,941.61,0.37,877.0,351.02,328.77,69.82,0.89,0.98,0.83,0.19,7,35,5719.5,1049.67,278.87,0.79,10
C10833,3538.64,0.67,3204.51,997.75,627.43,63.26,0.19,0.21,0.91,0.03,15,37,5669.4,2315.56,441.44,0.01,11
C10834,3640.41,0.85,3580.94,2126.78,656.97,10.61,0.0,0.98,0.25,0.17,10,45,9934.5,4173.91,614.25,0.24,12
C10835,1497.76,0.52,764.19,404.68,305.52,67.54,0.58,0.54,0.52,0.2,10,40,2860.41,937.65,321.95,0.45,11
C10836,3913.17,0.96,1955.17,1011.87,447.85,257.27,0.44,0.19,0.76,0.11,18,14,9788.58,2934.95,1149.24,0.21,12
C10837,3013.14,0.81,249.26,159.72,31.74,1889.75,0.05,0.15,0.08,0.63,6,21,4148.32,3495.8,410.28,0.17,12
C10838,910.67,0.84,870.79,543.13,235.05,53.16,0.3,0.2,0.81,0.18,5,34,3097.11,1058.8,119.94,0.3,12
C10839,1226.07,0.29,1030.5,477.69,337.67,19.51,0.24,0.36,0.21,0.09,0,17,5359.17,633.02,253.42,0.35,9
C10840,507.09,0.95,39.9,21.71,13.59,0.0,0.26,0.2,0.48,0.03,18,50,1012.7,561.09,109.69,0.22,12
C10841,4448.26,0.23,3156.61,1504.83,389.53,33.57,0.79,0.83,0.38,0.18,0,35,9191.4,4384.24,432.53,0.21,12
C10842,1353.77,0.88,462.38,254.13,130.12,160.74,0.3,0.37,0.74,0.09,8,41,4809.07,1502.96,221.5,0.89,10
C10843,573.79,0.22,436.26,157.32,106.37,65.84,0.49,0.53,0.23,0.1,8,39,2274.58,472.42,82.82,0.45,8
C10844,247.62,0.33,55.48,23.3,15.51,23.35,0.27,0.5,0.47,0.11,18,21,500.0,293.93,38.45,0.02,12
C10845,2517.68,0.45,183.78,73.65,21.44,1592.74,0.95,0.66,0.27,0.38,9,42,4228.78,2577.51,214.29,0.01,12
C10846,1620.21,0.79,1302.05,477.84,284.16,151.96,0.77,1.0,0.05,0.1,0,38,4241.79,1671.33,343.54,0.71,12
C10847,4699.42,0.92,3033.94,1412.41,1084.28,93.5,0.42,0.44,0.84,0.18,4,48,7542.21,3754.17,455.28,0.27,12
C10848,247.31,0.73,103.59,61.18,15.58,49.82,0.73,0.32,0.22,0.03,10,20,1543.4,191.57,13.94,0.16,12
C10849,2176.65,0.78,117.98,54.09,57.07,1730.19,0.31,0.97,0.23,0.83,15,35,5315.01,1401.52,378.73,0.19,12
C10850,549.62,0.43,96.22,66.69,47.88,276.47,0.08,1.0,0.05,0.11,1,53,1687.75,297.22,32.78,0.1,12
C10851,187.59,0.98,114.77,48.3,28.02,197.57,0.43,0.78,0.5,0.07,14,22,2126.54,212.17,40.62,0.13,11
C10852,2076.76,0.53,210.03,142.66,78.21,3233.72,0.56,0.8,0.27,0.5,3,50,5098.27,1897.09,412.42,0.09,8
C10853,2102.09,0.93,164.99,62.27,58.43,1632.42,0.35,0.41,0.57,0.52,3,20,4355.51,1872.29,402.94,0.28,12
C10854,372.99,0.82,91.32,39.11,15.24,87.91,0.4,0.54,0.72,0.05,2,7,702.73,274.75,27.53,0.12,10
C10855,1339.82,0.49,805.56,294.54,205.64,48.42,0.71,0.35,0.05,0.14,3,2,2495.6,1363.66,108.48,0.52,12
C10856,3708.46,0.47,2999.02,1185.1,1476.29,143.51,0.9,0.62,0.2,0.06,12,29,9004.53,2910.46,802.31,0.05,12
C10857,2487.8,0.74,28.48,10.33,4.3,1842.33,0.89,0.83,0.39,0.87,17,24,2769.72,2653.3,144.42,0.1,12
C10858,770.12,0.95,923.88,508.07,304.94,126.11,0.58,0.37,0.88,0.18,1,15,2790.6,428.09,60.82,0.9,11
C10859,1299.02,0.74,1020.55,388.06,346.65,30.2,0.63,0.54,0.11,0.14,18,52,1932.93,874.5,312.99,0.35,12
C10860,3571.8,0.89,2551.32,852.28,426.1,47.12,0.53,0.77,0.74,0.16,4,50,9693.74,2494.49,327.68,0.2,11
C10861,2830.03,0.97,2677.0,1088.38,840.84,149.65,0.37,0.21,0.95,0.11,19,37,11095.79,1461.23,492.24,0.04,11
C10862,4623.9,0.46,2546.54,1454.99,1189.19,157.61,0.74,0.61,0.08,0.19,16,46,9943.52,4459.33,345.06,0.16,12
C10863,1253.6,0.63,734.71,346.38,107.46,111.28,0.11,0.78,0.33,0.15,13,35,3824.45,1242.49,136.35,0.84,8
C10864,76.66,0.69,0.0,0.0,0.0,110.38,0.89,0.05,0.77,0.06,9,38,1043.24,60.51,20.69,0.29,12
C10865,2170.3,0.37,30.9,10.05,6.25,3119.35,0.28,0.25,0.94,0.63,18,13,4054.47,2293.61,517.18,0.01,8
C10866,2029.38,0.84,44.62,26.41,17.87,1668.84,0.22,0.03,0.25,0.4,9,1,5708.96,2369.53,197.11,0.23,12
C10867,4540.78,0.41,3490.58,2030.28,1155.04,157.28,0.27,0.01,0.64,0.15,2,35,11232.26,4612.03,470.61,0.26,11
C10868,284.94,0.77,0.0,0.0,0.0,150.41,0.81,0.48,0.73,0.06,6,6,500.0,276.76,48.0,0.3,12
C10869,414.22,0.62,45.16,23.08,18.82,101.89,0.27,0.7,0.4,0.1,3,10,1734.85,337.48,86.19,0.2,12
C10870,3906.99,0.87,2970.6,1176.94,1459.48,96.08,0.61,0.38,0.67,0.18,5,31,10200.87,3467.2,764.13,0.18,12
C10871,330.63,0.61,46.51,22.98,8.3,93.02,0.34,0.62,0.55,0.2,0,20,1993.73,231.99,40.06,0.17,11
C10872,2328.11,0.67,107.46,63.56,45.65,684.67,0.66,0.19,0.94,0.52,9,23,4502.38,1561.88,667.44,0.23,11
C10873,1040.28,0.34,1393.86,848.32,345.73,36.56,0.59,0.84,0.54,0.1,10,35,2760.01,539.23,269.21,0.43,9
C10874,5995.14,0.85,2971.29,1296.07,470.64,143.52,1.0,0.36,0.52,0.07,10,50,6689.76,5015.58,1276.39,0.16,12
C10875,1579.04,0.52,236.75,135.31,47.97,1872.14,0.31,0.71,0.67,0.59,4,2,2597.65,1038.3,437.37,0.22,12
C10876,1282.26,0.66,1097.5,542.82,285.04,165.11,0.35,0.13,0.15,0.01,5,16,3273.28,1060.63,158.36,0.64,12
C10877,125.49,0.88,87.15,51.92,40.06,95.89,0.2,0.82,0.53,0.19,11,18,2137.9,134.11,15.68,0.03,11
C10878,744.69,0.58,1107.39,638.2,322.65,165.57,0.46,0.52,0.05,0.11,6,14,4411.32,563.73,94.76,0.31,8
C10879,1359.85,0.42,692.98,415.88,239.58,150.96,0.84,0.97,0.63,0.05,0,5,1982.46,986.34,122.52,0.77,10
C10880,1205.76,0.41,884.09,323.54,100.16,167.43,0.21,0.41,0.53,0.01,14,16,3149.76,980.02,102.47,0.73,12
C10881,1339.0,0.65,738.74,316.81,92.79,61.89,0.96,0.87,0.84,0.11,10,9,5719.98,1133.93,371.33,0.85,12
C10882,1787.41,0.43,118.4,48.07,56.28,2429.63,0.01,0.41,0.8,0.61,3,52,5782.29,1234.86,472.65,0.11,11
C10883,1753.25,0.47,729.82,349.46,317.71,159.03,0.81,0.11,0.43,0.14,17,21,3559.7,1612.9,328.26,0.41,12
C10884,378.87,0.39,0.0,0.0,0.0,0.0,0.69,0.69,0.66,0.11,5,20,1766.9,197.13,81.52,0.25,12
C10885,1909.67,0.56,547.32,310.29,98.6,236.14,0.91,0.18,0.3,0.1,14,41,4087.09,1604.67,209.35,0.53,12
C10886,883.84,0.57,1047.2,552.76,121.55,281.28,0.52,0.8,0.39,0.06,0,35,4216.82,843.47,49.24,0.5,12
C10887,213.72,0.62,17.25,9.18,8.46,175.78,0.68,0.33,0.08,0.04,7,16,979.93,176.61,34.28,0.04,12
C10888,420.33,0.67,131.73,72.87,13.47,164.47,0.05,0.76,0.1,0.05,4,17,2245.23,498.0,91.37,0.3,12
C10889,3468.33,0.67,2852.22,1167.0,556.35,147.1,0.39,0.48,0.82,0.07,1,1,8925.43,2110.56,762.91,0.11,12
C10890,465.42,0.49,113.5,44.32,42.4,74.13,0.77,0.54,0.97,0.15,8,13,637.97,380.31,93.58,0.25,10
C10891,3131.66,0.92,99.9,38.57,47.47,2484.81,0.11,0.73,0.49,0.3,4,23,5894.45,2205.49,881.07,0.12,10
C10892,0.0,0.61,13.14,8.04,1.93,177.15,0.78,0.67,0.13,0.13,5,25,1839.58,0.0,0.0,0.1,12
C10893,358.63,0.87,0.0,0.0,0.0,22.14,0.31,0.66,0.09,0.01,10,13,1765.75,224.4,41.57,0.07,10
C10894,4780.79,0.65,4654.49,1984.85,1083.13,15.14,0.35,0.66,0.05,0.01,17,52,8046.6,4135.37,334.21,0.12,10
C10895,2275.06,0.5,148.83,61.34,55.35,2502.65,0.65,0.59,0.88,0.83,5,46,4750.58,1813.28,646.35,0.26,12
C10896,369.44,0.79,113.4,60.87,15.72,152.5,0.08,0.81,0.44,0.07,3,26,1148.99,421.92,60.46,0.2,7
C10897,121.57,0.34,76.78,51.42,34.24,30.73,0.62,0.3,0.88,0.04,15,49,1770.04,108.24,18.29,0.02,12
C10898,221.2,0.98,46.95,30.58,17.98,81.97,0.91,0.18,0.36,0.18,8,18,1567.51,182.71,65.57,0.16,12
C10899,1032.17,0.66,1021.09,349.37,492.41,91.47,0.09,0.74,0.59,0.06,18,40,5407.87,939.89,161.98,0.8,7
C10900,1204.57,0.28,1272.22,656.57,382.9,19.05,0.25,0.54,0.67,0.09,14,47,3494.63,1202.15,161.06,0.59,10
C10901,127.82,0.54,41.9,13.19,19.07,0.0,0.01,0.9,0.05,0.2,3,36,1328.2,66.77,13.06,0.23,11
C10902,441.38,0.77,107.03,66.03,33.84,17.88,0.52,0.97,0.68,0.05,15,18,1516.13,296.93,70.61,0.17,10
C10903,2095.8,0.25,707.62,318.35,215.91,120.87,0.73,0.87,0.8,0.12,0,43,3454.83,1393.72,464.04,0.74,10
C10904,2343.7,0.41,137.35,53.01,18.93,2768.5,0.93,0.55,0.02,0.72,9,6,6492.49,1853.64,652.78,0.19,12
C10905,2825.09,0.94,3684.68,1818.91,1568.45,139.55,0.37,0.75,0.06,0.05,1,22,12752.02,2552.35,276.34,0.1,12
C10906,682.01,0.48,584.34,277.0,154.78,148.77,0.15,0.33,0.52,0.01,15,50,1206.14,778.26,152.15,0.86,10
C10907,242.73,0.33,0.0,0.0,0.0,49.89,0.03,0.01,0.97,0.16,16,39,1209.67,217.5,12.54,0.26,12
C10908,128.13,0.28,67.76,21.23,24.41,32.75,0.33,0.78,0.97,0.06,18,21,1960.04,80.34,32.06,0.08,12
C10909,607.11,0.7,79.58,54.12,32.62,130.0,0.51,0.78,0.11,0.06,1,25,1981.61,527.03,72.88,0.04,11
C10910,2994.09,0.65,2500.69,984.64,825.57,83.06,0.9,0.01,0.76,0.08,16,24,9122.31,2395.28,179.06,0.23,12
C10911,1870.39,0.72,216.25,77.42,75.25,2212.65,0.22,0.86,0.79,0.89,14,25,4715.71,1780.64,277.87,0.13,7
C10912,2267.18,0.97,292.71,174.67,90.24,1486.47,0.78,0.88,0.88,0.36,17,13,5987.42,2144.25,619.24,0.07,12
C10913,4007.43,0.25,101.71,51.77,35.15,1865.04,0.48,0.32,0.04,0.71,8,47,3590.3,3855.55,433.63,0.25,11
C10914,2566.99,0.36,203.32,133.83,56.46,1584.54,0.87,0.02,0.97,0.68,13,5,1534.03,3075.52,312.72,0.06,12
C10915,1668.73,0.39,0.0,0.0,0.0,2058.55,0.86,0.88,0.82,0.42,8,47,5402.61,866.61,153.43,0.22,12
C10916,519.38,0.54,84.77,42.57,35.96,262.77,0.86,0.07,0.61,0.2,13,33,2091.54,536.81,153.43,0.1,12
C10917,18.46,0.3,0.0,0.0,0.0,104.3,0.4,0.23,0.07,0.13,14,24,1272.71,20.28,2.92,0.21,12
C10918,382.47,0.53,61.43,41.77,9.75,139.94,0.35,0.54,0.24,0.12,5,47,1302.97,256.86,109.75,0.23,8
C10919,715.07,0.85,555.4,314.24,138.52,25.56,0.21,0.82,0.35,0.14,6,56,3741.71,736.65,52.18,0.88,12
C10920,145.0,0.33,28.41,15.36,12.39,171.52,0.23,0.78,0.86,0.15,19,25,1821.76,83.16,23.51,0.25,11
C10921,2942.24,0.93,3037.97,1871.46,1417.82,190.32,0.62,0.68,0.76,0.08,16,32,7119.21,2588.51,495.99,0.19,12
C10922,1005.43,0.93,1283.45,437.02,265.44,60.44,0.96,0.83,0.94,0.12,1,26,3109.12,729.62,114.6,0.89,10
C10923,1200.42,0.61,1389.52,898.41,662.02,146.89,0.61,0.69,0.42,0.12,1,29,3717.19,791.8,209.27,0.8,12
C10924,180.23,0.89,72.41,36.22,15.25,122.44,0.41,0.64,0.92,0.0,15,21,1894.47,171.76,24.81,0.23,12
C10925,225.03,0.77,68.11,42.29,31.84,131.26,0.24,0.17,0.9,0.0,14,30,1915.56,175.94,25.12,0.3,9
C10926,289.28,0.49,61.67,36.08,29.24,164.96,0.65,0.44,0.02,0.09,4,1,1805.03,178.27,40.88,0.21,12
C10927,2060.18,0.65,215.59,103.59,65.09,2543.65,0.21,0.45,0.24,0.55,18,46,6014.16,1904.87,430.15,0.28,11
C10928,1048.66,0.29,915.55,556.55,439.66,88.88,0.09,0.02,0.8,0.14,0,5,2772.11,896.36,175.17,0.48,12
C10929,3998.47,0.6,3259.64,1917.57,1042.13,166.66,0.09,0.41,0.67,0.15,3,58,8697.57,2117.46,609.04,0.21,12
C10930,569.18,0.86,43.07,12.98,10.83,188.95,0.85,0.23,0.22,0.12,11,23,868.4,611.61,149.92,0.17,11
C10931,1149.62,0.67,709.23,413.97,300.76,55.66,0.38,0.09,0.78,0.06,11,41,4503.54,1368.88,242.83,0.55,12
C10932,787.79,0.51,685.88,345.35,98.36,99.86,0.94,0.55,0.32,0.12,4,1,4126.99,582.64,164.84,0.66,12
C10933,3682.24,0.73,2890.14,1837.52,539.48,0.0,0.5,0.24,0.6,0.05,12,20,7761.82,4385.95,388.77,0.11,12
C10934,3734.05,0.98,4750.28,2963.5,880.23,146.69,0.69,0.19,0.93,0.16,16,56,8610.11,4469.93,886.89,0.28,12
C10935,273.26,0.25,87.73,32.31,30.6,197.85,0.83,0.79,0.24,0.08,2,31,878.16,225.45,16.18,0.24,8
C10936,1472.93,0.46,160.17,49.45,61.43,1479.37,0.87,0.81,0.06,0.55,15,27,5370.92,1685.73,152.3,0.26,11
C10937,114.34,0.32,8.29,3.14,3.61,110.67,0.16,0.66,0.66,0.03,10,18,500.0,119.78,17.52,0.19,12
C10938,1916.48,0.97,131.43,78.39,60.45,1525.39,0.22,0.19,0.73,0.39,18,41,5936.24,2077.74,521.84,0.25,12
C10939,387.5,0.64,77.9,50.52,35.06,69.29,0.15,0.63,0.31,0.09,5,39,1599.41,226.98,22.09,0.11,11
C10940,490.4,0.3,89.08,51.69,33.21,118.57,0.45,0.71,0.47,0.03,13,31,879.18,513.07,79.06,0.2,11
C10941,4783.07,0.69,2961.64,1860.6,1379.92,37.26,0.16,0.23,0.5,0.11,15,59,8330.86,3183.51,382.43,0.1,12
C10942,495.0,0.6,46.27,24.75,9.73,81.18,0.65,0.13,0.82,0.04,7,33,1523.14,506.5,53.22,0.18,12
C10943,786.6,0.25,843.12,423.76,328.91,27.64,0.36,0.43,0.69,0.06,11,51,4311.75,523.19,119.04,0.71,12
C10944,615.95,0.89,844.36,581.05,110.33,147.13,0.96,0.42,0.27,0.09,14,28,3973.75,645.97,45.96,0.69,12
C10945,616.5,0.77,95.3,31.66,14.3,119.14,0.82,0.15,0.27,0.07,8,28,1494.04,693.95,158.67,0.13,12
C10946,2874.8,0.2,4299.25,2014.38,818.79,65.5,0.72,0.19,0.32,0.08,13,35,6545.44,2447.08,203.34,0.3,12
C10947,2518.04,0.97,239.07,98.31,33.73,2134.67,0.69,0.5,0.15,0.45,14,20,6042.4,2022.64,494.38,0.26,9
C10948,2628.05,0.33,142.67,49.77,69.38,2019.22,0.04,0.53,0.13,0.53,4,47,4530.59,1582.05,238.67,0.18,12
C10949,543.75,0.2,0.0,0.0,0.0,191.51,0.08,0.54,0.82,0.07,14,27,2542.32,361.69,41.67,0.08,12
C10950,1503.81,0.54,940.66,381.25,435.23,64.72,0.43,0.98,0.83,0.08,11,16,3892.31,1796.38,249.15,0.83,12
C10951,449.9,0.31,0.0,0.0,0.0,150.8,0.91,0.04,0.26,0.12,4,18,1301.3,455.1,61.35,0.23,12
C10952,0.63,0.66,33.45,11.86,12.71,43.58,0.09,0.79,0.85,0.1,16,19,1644.71,0.65,0.04,0.14,12
C10953,225.07,0.45,40.72,18.57,9.31,165.14,0.42,0.35,0.57,0.03,0,59,1711.07,240.78,14.91,0.18,8
C10954,2433.61,0.35,226.21,85.98,108.64,1648.92,0.79,0.75,0.71,0.51,12,19,4392.25,2211.05,303.7,0.26,12
C10955,1957.22,0.99,167.32,110.22,19.07,3535.24,0.32,0.74,0.88,0.58,4,12,4611.53,1582.96,480.9,0.04,10
C10956,5510.34,0.47,3834.43,1951.57,1453.1,217.68,0.93,0.62,0.31,0.07,14,41,7220.23,4097.83,1448.38,0.15,12
C10957,1474.02,0.53,1109.76,687.85,532.85,123.4,0.93,0.63,0.66,0.12,17,48,3392.12,765.14,98.15,0.75,12
C10958,2055.27,0.44,724.87,358.3,301.01,199.04,0.06,0.66,0.31,0.12,13,25,2612.77,2192.57,191.0,0.72,11
C10959,548.15,0.87,1082.38,343.06,466.55,229.93,0.62,0.75,0.9,0.04,7,24,3589.87,605.93,73.88,0.79,11
C10960,863.01,0.36,189.62,109.57,41.65,10.24,0.15,0.13,0.3,0.07,12,36,2856.96,638.68,183.41,0.6,11
C10961,1105.24,0.3,784.33,250.3,220.19,51.74,0.44,0.36,0.63,0.09,4,39,1654.39,951.08,134.06,0.6,12
C10962,380.67,0.91,62.05,28.42,9.59,0.0,0.9,0.84,0.19,0.08,1,6,2259.75,344.36,40.15,0.3,12
C10963,267.69,0.35,42.73,22.17,10.71,184.89,0.07,0.55,0.37,0.14,7,55,1980.08,257.04,52.75,0.05,12
C10964,3180.95,0.89,256.22,156.79,26.49,1935.5,0.94,0.14,0.35,0.74,12,22,4780.58,3037.56,700.95,0.1,12
C10965,1761.58,0.66,702.95,463.55,289.27,0.0,0.99,0.96,0.75,0.01,7,35,3025.71,1123.37,302.77,0.63,10
C10966,3079.56,0.86,131.12,50.08,63.1,1869.1,0.67,0.99,0.29,0.73,2,3,5511.62,3020.02,668.62,0.29,11
C10967,434.1,0.26,39.33,22.24,14.96,0.0,0.36,0.51,0.33,0.18,9,37,996.74,445.73,22.15,0.05,12
C10968,1618.33,0.97,1217.17,594.09,516.23,121.77,0.25,0.53,0.01,0.18,17,6,3658.43,828.73,213.56,0.51,12
C10969,124.73,0.44,50.1,30.41,15.3,13.24,0.43,0.29,0.32,0.01,9,2,943.02,116.31,25.24,0.08,9
C10970,403.55,0.25,128.79,87.05,22.75,0.0,0.18,0.52,0.27,0.18,9,57,1247.03,319.49,85.85,0.18,12
C10971,299.79,0.81,60.89,31.25,23.65,96.65,0.02,0.97,0.54,0.03,5,7,1583.35,335.65,29.56,0.08,12
C10972,227.59,0.34,50.87,21.1,11.18,101.37,0.06,0.25,0.4,0.07,9,44,1567.73,264.14,30.27,0.1,12
C10973,3546.99,0.48,190.06,117.72,53.94,2466.74,0.66,0.3,0.98,0.49,5,32,4529.84,3222.88,378.08,0.16,6
C10974,196.46,0.68,72.57,37.06,33.4,42.9,0.02,0.9,0.55,0.06,19,14,1784.47,153.19,53.95,0.19,12
C10975,639.42,0.25,510.77,333.49,127.27,94.03,0.3,0.38,0.07,0.06,15,22,3965.95,739.58,,0.44,7
C10976,1525.21,0.36,710.83,374.2,153.36,71.45,0.68,0.97,0.81,0.03,14,8,4723.26,1050.66,412.57,0.49,9
C10977,1246.22,0.59,891.25,601.46,100.42,73.64,0.17,0.35,0.05,0.13,13,36,4101.39,1052.79,337.61,0.79,10
C10978,1275.93,0.54,541.16,166.14,205.96,194.34,0.33,0.0,0.84,0.12,6,49,3646.21,953.36,231.49,0.86,12
C10979,542.06,0.65,64.0,38.12,11.91,271.72,0.03,0.95,0.41,0.12,13,23,1510.42,329.33,145.11,0.2,12
C10980,2032.21,0.78,134.39,58.95,47.81,2192.96,0.11,0.24,0.06,0.63,19,55,4822.21,2288.29,140.56,0.22,12
C10981,2586.43,0.48,3208.71,1820.77,791.4,0.0,0.23,0.69,0.98,0.04,3,10,6200.58,1746.72,210.9,0.12,11
C10982,5137.3,0.52,3041.73,2059.06,1262.53,81.23,0.13,0.05,0.5,0.12,17,56,11000.03,5428.79,779.22,0.28,12
C10983,1122.99,0.42,1162.57,652.86,530.08,115.54,0.47,0.75,0.85,0.13,19,47,2513.15,1153.57,250.37,0.79,10
C10984,123.9,0.47,154.24,92.23,29.97,95.74,0.13,0.22,0.42,0.01,1,3,500.0,119.78,36.26,0.17,12
C10985,2759.43,0.24,21.64,7.86,9.02,2666.18,0.31,0.8,0.46,0.42,1,50,6847.77,1590.23,460.04,0.13,11
C10986,289.17,0.66,88.36,32.53,14.24,276.95,0.72,0.97,0.36,0.12,9,3,875.29,225.68,14.99,0.01,10
C10987,468.36,0.34,20.96,11.09,3.28,0.0,0.65,0.05,0.37,0.13,13,58,1605.45,538.06,44.67,0.3,12
C10988,538.69,0.77,106.03,50.07,28.77,59.43,0.38,0.37,0.79,0.11,10,40,2393.85,407.33,85.92,0.04,10
C10989,3894.32,0.23,2226.65,766.99,511.69,223.29,0.93,0.72,0.03,0.14,14,12,9430.61,2002.55,866.47,0.15,10
C10990,1679.82,0.25,0.0,0.0,0.0,58.24,0.79,1.0,0.49,0.13,16,54,2842.75,1693.08,330.31,0.38,12
C10991,5280.04,0.43,3537.33,2050.17,1491.31,163.16,0.61,0.36,0.27,0.16,5,18,7339.19,5181.39,1420.47,0.1,8
C10992,4337.97,0.55,3444.68,1159.58,1571.1,150.47,0.44,0.99,0.56,0.03,10,7,9588.89,3930.66,504.92,0.13,7
C10993,237.42,0.75,40.61,12.97,6.27,198.95,0.06,0.9,0.22,0.03,1,16,1091.61,179.01,43.92,0.17,12
C10994,3090.94,0.75,102.22,46.15,39.41,1371.46,0.41,0.72,0.35,0.68,2,51,4227.43,2243.92,266.02,0.0,11
C10995,1883.96,0.98,765.81,423.63,261.69,126.65,0.55,0.38,0.53,0.19,14,55,3185.42,1244.69,398.1,0.67,12
C10996,1940.34,0.48,774.31,509.05,108.17,0.0,0.99,0.54,0.74,0.07,17,55,4674.94,1773.91,466.82,0.79,12
C10997,97.42,0.25,68.69,32.55,28.68,43.97,0.95,0.72,0.95,0.06,11,35,731.5,116.64,17.37,0.22,12
C10998,1224.63,0.89,106.4,35.5,46.98,1062.36,0.11,0.69,0.24,0.44,14,11,3838.92,1283.9,198.43,0.2,6
C10999,376.36,0.78,93.82,59.68,43.68,0.0,0.98,0.29,0.48,0.1,19,55,1188.6,360.7,36.31,0.3,11
C11000,49.31,0.25,14.34,5.02,6.82,139.74,0.75,0.56,0.35,0.18,1,31,1494.33,44.32,13.98,0.01,12
C11001,1064.87,0.27,1239.52,687.88,177.41,0.0,0.68,0.84,0.61,0.13,14,53,3592.94,1058.19,214.62,0.89,10
C11002,455.7,0.58,72.13,33.57,32.66,0.0,0.9,0.48,0.37,0.04,12,5,1799.88,387.95,115.65,0.13,7
C11003,272.99,0.47,74.65,49.56,35.69,170.95,0.33,0.57,0.1,0.17,18,14,1489.48,298.43,15.3,0.06,10
C11004,1123.56,0.68,1107.74,644.66,416.86,102.88,0.4,0.33,0.61,0.19,6,13,1569.77,1019.42,126.77,0.82,12
C11005,257.93,0.38,699.72,209.96,121.43,69.88,0.87,0.16,0.04,0.14,12,25,2875.58,173.64,44.0,0.67,12
C11006,2938.6,0.97,144.6,64.94,37.64,1948.26,0.1,0.07,0.04,0.5,16,51,4806.05,2628.02,540.87,0.15,11
C11007,287.57,0.61,100.38,37.36,13.66,0.0,0.71,0.41,0.88,0.13,9,24,2182.65,193.19,43.49,0.06,10
C11008,3410.98,0.8,4963.7,2052.06,504.8,155.47,0.81,0.63,0.87,0.15,5,36,7671.3,2984.5,458.17,0.13,12
C11009,1783.11,0.3,966.33,444.11,452.27,77.35,0.89,0.76,0.56,0.17,18,29,3248.35,1895.85,289.92,0.7,10
C11010,2720.04,0.69,4266.74,2204.0,2086.16,0.0,0.22,0.08,0.02,0.13,3,57,11156.43,2745.31,384.87,0.21,11
C11011,1777.74,0.89,1156.64,716.37,540.98,102.42,0.68,0.32,0.34,0.11,16,59,3338.11,1225.3,106.69,0.68,11
C11012,703.3,0.22,1064.0,355.98,214.49,146.5,0.09,0.81,0.35,0.04,16,52,2622.49,710.69,156.97,0.41,11
C11013,2267.21,0.63,114.0,54.31,39.72,2148.31,0.86,0.11,0.72,0.66,0,10,5253.69,1330.06,550.53,0.01,8
C11014,130.56,0.4,0.0,0.0,0.0,109.28,0.48,0.99,0.81,0.02,7,51,1196.85,124.26,16.69,0.22,12
C11015,348.4,0.58,101.73,48.11,30.36,103.05,0.62,0.63,0.35,0.15,11,46,2536.86,250.99,101.55,0.03,10
C11016,3957.36,0.85,1379.96,700.63,374.43,43.46,0.85,0.94,0.42,0.2,2,21,10913.63,3688.27,1174.27,0.12,11
C11017,3975.4,0.75,4427.15,2706.95,2109.41,104.34,0.51,0.73,0.22,0.02,2,13,8599.53,4387.46,763.84,0.25,12
C11018,124.71,0.8,76.75,44.91,31.96,158.82,0.51,0.96,0.73,0.09,6,59,1595.98,74.03,30.99,0.12,12
C11019,1777.7,0.37,437.75,220.63,192.06,182.77,0.46,0.67,0.35,0.14,18,44,2246.32,1755.54,331.33,0.44,12
C11020,2065.86,0.87,121.59,83.51,13.84,1529.72,0.6,0.27,0.71,0.62,8,15,5562.89,2021.08,238.14,0.29,11
C11021,3372.59,0.69,4581.37,1440.77,1213.05,45.99,0.72,0.8,0.71,0.09,13,12,12887.88,3473.26,227.67,0.27,6
C11022,2893.16,0.26,87.42,28.13,29.65,1973.41,0.81,0.23,0.16,0.71,12,35,6646.8,3409.62,393.78,0.03,12
C11023,1987.69,0.89,627.38,295.46,228.04,137.24,0.03,0.57,0.89,0.06,9,31,4119.93,1665.83,191.5,0.56,12
C11024,5839.73,0.24,3525.09,1280.1,1614.32,43.22,0.35,0.37,0.82,0.13,1,49,9428.82,3477.07,1638.46,0.15,11
C11025,369.18,0.22,130.84,50.58,21.82,62.85,0.43,0.8,0.58,0.12,19,40,1928.35,364.44,108.1,0.24,12
C11026,2637.07,0.87,179.26,64.54,24.38,2556.7,0.1,0.76,0.09,0.84,10,48,5957.59,2325.15,482.4,0.11,12
C11027,1021.2,0.21,1363.99,786.95,623.73,210.15,0.75,0.86,0.17,0.05,6,25,6024.78,1090.98,194.84,0.48,7
C11028,4207.43,0.27,2632.29,1233.25,796.66,0.0,0.52,0.25,0.09,0.03,8,58,9207.62,4439.22,1189.11,0.24,12
C11029,764.86,0.21,917.62,581.47,289.68,231.2,0.0,1.0,0.46,0.0,8,57,2799.52,774.94,181.17,0.73,12
C11030,1361.41,0.9,483.45,193.45,220.45,193.13,0.63,0.81,0.27,0.1,19,56,3680.0,1059.08,123.2,0.61,11
C11031,4168.43,0.24,5186.91,2849.54,2074.37,115.93,0.34,0.39,0.83,0.04,7,42,8897.46,3472.24,1200.46,0.06,12
C11032,1496.11,0.5,953.1,367.3,373.9,80.74,0.73,0.13,0.44,0.13,19,22,3336.53,1707.42,288.51,0.31,12
C11033,2153.8,0.37,94.52,28.91,16.49,1939.41,0.18,0.35,0.45,0.47,2,9,5609.57,1734.19,118.82,0.13,12
C11034,714.79,0.47,754.31,434.16,262.93,48.75,0.0,0.11,0.92,0.17,4,33,5482.33,650.9,70.8,0.81,12
C11035,988.88,0.43,998.07,357.52,279.49,85.78,0.09,0.62,0.58,0.16,2,22,3010.83,967.58,246.44,0.88,12
C11036,0.0,0.91,102.89,59.42,35.44,0.0,0.44,0.11,0.39,0.07,18,10,1471.99,0.0,0.0,0.19,12
C11037,1089.06,0.81,943.49,543.7,311.61,0.0,0.75,0.43,0.98,0.06,11,18,5021.74,1131.09,286.23,0.8,11
C11038,1213.68,0.91,1243.26,705.25,137.39,286.58,0.6,0.67,0.46,0.02,9,48,4264.24,619.54,299.27,0.33,9
C11039,301.08,0.78,90.76,48.72,21.56,105.05,0.01,0.45,0.58,0.15,1,17,1112.94,357.52,17.71,0.01,12
C11040,434.45,0.46,45.38,29.68,12.85,116.3,0.59,0.88,0.38,0.1,3,5,2239.69,390.08,57.68,0.11,9
C11041,3031.96,0.35,4978.54,1644.18,1494.0,97.54,0.48,0.24,0.67,0.07,18,12,6971.77,1872.66,535.81,0.14,12
C11042,5864.82,0.62,5332.42,3587.26,745.41,33.78,0.8,0.52,0.78,0.14,19,10,11320.28,6151.81,404.71,0.03,11
C11043,4655.56,0.49,3289.86,1073.77,1511.42,75.44,0.26,0.91,0.63,0.05,6,11,10352.07,5079.99,907.38,0.03,12
C11044,315.18,0.71,19.35,9.64,4.52,107.3,0.72,0.35,0.25,0.1,14,25,824.25,202.77,93.0,0.08,12
C11045,315.49,0.23,68.81,46.06,20.35,84.27,0.63,0.47,0.94,0.09,6,52,974.95,166.86,63.11,0.15,10
C11046,132.28,0.77,79.61,32.45,29.1,39.82,0.62,0.93,0.51,0.05,19,22,1336.73,114.7,22.94,0.3,10
C11047,5572.9,0.44,3743.73,2377.88,1451.19,138.36,0.41,0.5,0.83,0.16,2,59,6994.53,5285.32,1486.36,0.27,11
C11048,2799.94,0.57,185.21,99.51,46.53,1893.2,0.01,0.86,0.01,0.6,1,52,4710.76,1729.76,814.76,0.12,12
C11049,478.03,0.98,41.95,27.04,6.36,131.43,0.19,0.94,0.52,0.1,7,9,1055.97,426.94,131.6,0.17,12
C11050,3629.98,0.37,2706.94,864.67,495.17,156.4,0.84,0.26,0.94,0.14,3,36,7943.85,3152.54,215.04,0.17,12
C11051,372.59,0.29,64.98,33.95,10.79,86.36,0.62,0.79,0.69,0.02,13,47,1032.08,411.53,27.91,0.1,11
C11052,204.76,0.37,61.49,23.09,12.15,86.49,0.58,0.65,0.11,0.09,18,42,1616.07,219.31,41.74,0.26,12
C11053,0.0,0.48,114.53,35.19,39.11,218.6,0.53,0.99,0.71,0.12,19,13,1746.02,0.0,0.0,0.09,10
C11054,47.33,0.63,64.78,37.29,20.36,24.48,0.08,0.59,0.02,0.08,19,42,1146.46,47.09,8.53,0.13,12
C11055,5887.82,0.98,3876.3,2325.29,649.1,0.0,0.35,0.79,0.37,0.14,3,31,9040.0,5016.46,1528.64,0.27,8
C11056,1610.33,0.9,238.57,141.84,88.89,3865.03,0.62,0.35,0.24,0.41,1,14,4677.53,1330.75,458.32,0.1,12
C11057,244.37,0.77,90.35,53.38,11.34,49.65,0.13,0.61,0.25,0.08,3,11,1517.58,149.96,32.6,0.15,11
C11058,1042.68,0.78,1042.38,646.25,483.5,13.81,0.92,0.78,0.04,0.08,15,22,3997.21,1067.03,273.37,0.83,12
C11059,4789.8,0.43,4899.11,2389.96,1599.44,170.82,0.07,0.97,0.62,0.14,2,16,8967.46,5306.41,843.01,0.1,12
C11060,2206.53,0.94,156.94,68.9,52.76,1081.98,0.68,0.25,0.74,0.31,13,32,4587.08,1420.69,473.63,0.29,12
C11061,1791.13,0.63,911.93,554.8,195.48,0.0,0.3,0.08,0.29,0.17,11,24,3969.46,932.44,145.72,0.88,12
C11062,310.74,0.33,101.01,57.23,30.77,254.8,0.86,0.98,0.59,0.01,15,7,1265.16,287.87,20.46,0.21,12
C11063,877.15,0.96,924.77,351.41,250.15,0.0,0.83,0.6,0.5,0.03,2,42,5434.78,1041.09,214.99,0.87,10
C11064,213.93,0.61,49.14,23.3,23.6,93.07,0.33,0.02,0.99,0.16,8,3,589.49,208.62,42.7,0.16,12
C11065,1956.27,0.32,40.92,15.26,5.34,1631.98,0.46,0.52,0.81,0.71,1,28,3644.26,1324.19,500.75,0.05,8
C11066,1685.89,0.79,1070.39,654.61,303.45,121.65,0.96,0.94,0.95,0.09,0,3,5335.81,1872.88,133.09,0.55,11
C11067,4321.54,0.39,2714.81,1082.81,1131.01,48.71,0.61,0.98,0.82,0.07,14,48,8321.17,3788.45,401.77,0.19,11
C11068,365.83,0.35,88.49,48.59,28.12,165.54,0.01,0.33,0.66,0.02,11,19,1623.74,313.45,24.05,0.12,12
C11069,1216.74,0.41,867.16,515.22,282.77,98.61,0.78,0.78,0.07,0.12,15,5,2572.74,657.16,258.6,0.37,12
C11070,663.08,0.66,144.74,100.83,67.23,2209.81,0.36,0.46,0.86,0.46,1,14,3496.38,359.7,135.2,0.27,11
C11071,1716.36,0.43,604.7,286.18,151.34,65.62,0.28,0.4,0.76,0.04,6,34,4254.29,1554.18,268.42,0.45,12
C11072,1278.79,0.23,1244.27,807.51,125.45,0.0,0.83,0.76,0.28,0.15,2,46,1358.49,1361.51,107.19,0.62,12
C11073,3077.32,0.51,118.65,67.13,55.8,2952.8,0.97,0.27,0.27,0.4,11,6,5250.92,3161.08,172.21,0.02,12
C11074,1179.59,0.39,166.37,50.47,18.84,1822.66,0.06,0.43,0.52,0.53,11,19,2981.13,1366.59,135.35,0.1,12
C11075,307.48,0.61,77.02,35.16,32.27,0.0,0.39,0.25,0.28,0.14,14,7,882.1,261.95,15.59,0.06,12
C11076,1872.12,0.57,775.33,354.83,120.83,15.57,0.28,0.14,0.97,0.18,1,14,4172.08,1749.51,537.65,0.46,11
C11077,1231.39,0.26,1096.03,381.25,118.67,41.03,0.9,0.38,0.19,0.16,0,18,4280.25,1156.31,113.96,0.68,12
C11078,1037.74,0.4,1180.67,560.62,285.57,224.43,0.87,0.96,0.15,0.17,17,35,2738.01,795.05,120.76,0.68,11
C11079,414.64,0.43,43.46,15.06,19.37,156.6,0.9,0.42,0.04,0.19,12,6,1888.84,208.15,103.51,0.17,8
C11080,564.5,0.59,10.89,6.9,1.25,72.18,0.04,0.68,0.55,0.17,2,36,1780.5,613.75,168.64,0.05,12
C11081,2999.13,0.86,206.25,91.73,42.3,3303.46,0.05,0.29,0.74,0.61,5,46,5382.47,1640.42,615.23,0.03,11
C11082,1960.19,0.37,377.91,141.05,79.97,1242.3,0.55,0.87,0.59,0.84,8,56,4017.46,2296.33,222.15,0.21,7
C11083,3332.12,0.33,3392.01,1834.16,467.84,54.81,0.17,0.62,0.21,0.15,8,30,10827.73,3634.33,543.9,0.07,10
C11084,1713.1,0.2,160.68,103.32,22.02,1528.81,0.11,0.95,0.92,0.79,14,29,6465.26,981.01,111.2,0.14,11
C11085,5007.76,0.69,2547.0,1716.6,1179.95,113.23,0.26,0.33,0.38,0.19,7,38,9606.78,2931.65,386.87,0.25,10
C11086,3904.78,0.46,3780.96,2486.79,1429.65,56.85,0.71,0.54,0.14,0.14,11,59,8376.49,3967.19,887.94,0.11,9
C11087,3288.16,0.74,4362.03,2847.62,979.08,96.94,0.67,0.19,0.19,0.05,14,3,10082.99,2895.44,846.28,0.03,10
C11088,2007.31,0.75,696.75,306.03,136.09,127.05,0.79,0.14,0.44,0.03,2,10,3138.2,1915.45,235.93,0.56,12
C11089,1029.89,0.24,651.43,327.13,76.32,99.25,0.06,0.59,0.54,0.06,9,13,4168.74,723.98,241.61,0.41,9
C11090,272.05,0.53,28.22,12.66,6.87,168.88,0.77,0.8,0.6,0.1,5,11,1648.78,304.31,57.15,0.18,12
C11091,1428.58,0.97,1347.81,901.56,297.13,125.5,0.49,0.2,0.07,0.13,15,31,3133.23,1257.27,253.45,0.41,12
C11092,815.39,0.42,128.3,43.25,59.89,140.9,0.31,0.7,0.87,0.04,2,2,1896.58,730.45,99.73,0.23,12
C11093,362.9,0.62,56.89,29.68,10.71,237.08,0.61,0.67,0.34,0.05,6,4,1473.49,433.09,107.53,0.11,10
C11094,1598.95,0.63,1132.32,451.52,296.73,166.2,0.8,0.48,0.26,0.06,12,40,3876.08,1663.05,179.07,0.78,12
C11095,1407.63,0.41,400.94,256.66,149.47,239.28,0.1,0.77,0.69,0.16,10,9,5009.35,1382.52,143.82,0.42,8
C11096,251.21,0.82,18.62,8.11,4.25,46.25,0.81,0.59,0.61,0.07,0,19,1155.89,278.0,19.47,0.05,12
C11097,3277.17,0.2,3649.42,2355.6,1506.17,0.0,0.57,0.95,0.99,0.02,18,1,8750.68,3911.84,703.77,0.19,6
C11098,1988.5,0.38,165.6,111.16,64.67,1482.91,0.62,0.76,0.41,0.57,1,45,5215.77,2125.26,547.44,0.26,10
C11099,367.8,0.67,38.5,14.2,4.4,81.95,0.88,0.89,0.18,0.0,8,54,2350.32,391.52,30.73,0.15,8
C11100,230.52,0.93,64.46,38.78,28.51,216.75,0.71,0.36,0.97,0.13,1,41,1685.56,146.14,17.54,0.02,12
C11101,597.74,0.21,16.86,7.42,4.14,9.6,0.58,0.81,0.48,0.17,11,25,2518.01,664.3,165.04,0.2,7
C11102,3620.39,0.68,4186.98,1931.5,579.24,93.69,0.34,0.99,0.66,0.03,7,23,10916.87,4043.43,778.88,0.26,6
C11103,3462.52,0.2,2190.98,897.76,831.12,132.41,0.51,0.16,0.04,0.17,13,2,11416.1,3178.38,1011.94,0.06,9
C11104,395.87,0.7,145.23,79.39,57.93,108.01,0.84,0.51,0.34,0.14,12,15,1059.65,378.23,90.09,0.18,12
C11105,4942.76,0.53,2532.26,1107.27,325.15,86.28,1.0,0.86,0.99,0.02,18,27,7931.82,4629.59,1200.73,0.06,12
C11106,491.64,0.55,115.64,68.95,27.93,128.69,0.76,0.4,0.96,0.05,0,3,1459.16,433.36,81.33,0.25,12
C11107,1450.3,0.97,838.14,512.44,384.03,186.33,0.79,0.51,0.98,0.05,12,53,3923.66,911.32,158.92,0.9,12
C11108,2347.24,0.75,252.17,115.51,92.74,1935.49,0.7,0.75,0.82,0.31,6,37,5459.95,2254.27,451.34,0.19,12
C11109,200.23,0.36,5.65,1.71,1.77,102.62,0.77,0.82,0.5,0.07,12,11,1675.66,153.3,27.94,0.18,10
C11110,437.71,1.0,65.88,21.51,19.87,34.73,0.24,0.2,0.57,0.18,19,53,1657.76,383.24,73.29,0.11,12
C11111,1574.38,0.41,1461.19,598.39,501.72,222.76,0.42,0.39,0.07,0.04,16,14,3128.04,1780.27,281.69,0.56,12
C11112,334.37,0.75,881.01,600.45,318.23,13.79,0.56,0.39,0.79,0.19,19,39,4109.95,192.74,18.94,0.77,12
C11113,2026.11,0.74,115.95,53.05,14.79,1243.04,0.55,0.15,0.75,0.33,19,58,5369.14,2368.15,409.55,0.1,12
C11114,3353.97,0.88,289.34,172.94,67.61,1734.59,0.6,0.09,0.71,0.37,15,21,2702.75,3010.98,468.33,0.1,12
C11115,423.47,0.52,29.95,20.2,9.3,219.15,0.97,0.74,0.38,0.13,17,51,1348.78,493.29,107.15,0.2,12
C11116,0.0,0.76,62.31,27.21,24.44,154.83,0.86,0.85,0.27,0.16,13,55,1664.45,0.0,0.0,0.09,12
C11117,2743.12,0.7,3220.29,1689.09,1278.81,0.0,0.83,0.95,0.81,0.19,2,32,8497.66,1475.8,518.58,0.09,12
C11118,458.97,0.55,35.26,22.6,12.07,16.87,0.83,0.96,0.97,0.0,17,39,2031.31,429.0,64.26,0.01,9
C11119,3367.19,0.93,270.48,147.66,90.5,2654.4,0.79,0.99,0.42,0.57,13,11,5218.58,2925.43,246.9,0.03,12
C11120,3314.26,0.4,725.48,250.21,179.27,45.95,0.68,0.08,0.06,0.04,17,50,11272.74,3362.05,508.49,0.2,9
C11121,138.88,0.38,124.94,75.95,54.21,74.78,0.26,0.4,0.9,0.03,6,13,872.54,127.91,21.15,0.1,12
C11122,2619.72,0.7,3664.76,2424.74,1709.83,149.02,0.86,0.08,0.69,0.03,11,17,9176.65,2252.96,624.35,0.02,10
C11123,226.11,0.35,90.82,55.17,39.83,86.4,0.28,0.68,0.67,0.14,8,51,1426.73,255.91,19.9,0.28,11
C11124,1334.62,0.86,950.45,571.24,426.53,2.48,0.72,0.97,0.94,0.01,0,12,3612.22,969.45,343.79,0.48,12
C11125,1690.98,0.47,1581.44,952.47,733.04,170.85,0.11,0.04,0.67,0.17,12,40,3793.32,1166.91,104.8,0.84,12
C11126,1615.66,0.54,819.26,446.51,148.14,141.19,0.55,0.53,0.62,0.15,6,21,3627.2,1717.11,289.08,0.66,12
C11127,4183.57,0.75,3118.65,1244.73,952.91,80.08,0.32,0.53,0.71,0.08,2,21,9127.57,3121.55,887.97,0.25,12
C11128,3582.07,0.91,2393.18,1589.88,751.02,156.9,0.7,0.16,0.48,0.09,4,54,9540.98,3202.92,191.95,0.26,12
C11129,2997.19,0.75,222.43,78.2,65.43,1753.66,0.86,0.83,0.29,0.4,13,1,4954.61,2786.89,201.66,0.09,11
C11130,3413.31,0.28,181.13,114.28,79.59,1610.55,0.02,0.39,0.25,0.45,14,44,5337.21,2410.23,404.05,0.22,12
C11131,922.77,0.47,661.35,293.47,152.12,112.1,0.11,0.42,0.73,0.08,5,8,3737.54,691.17,134.14,0.41,11
C11132,211.56,0.8,97.45,55.5,16.03,205.91,0.93,0.96,0.24,0.04,6,48,2006.52,111.81,28.91,0.18,12
C11133,4123.26,0.93,4598.92,2860.71,964.49,0.0,0.24,0.25,0.93,0.04,16,43,11631.3,2868.45,1207.41,0.13,12
C11134,3921.26,0.71,157.18,97.36,24.72,1911.17,0.73,0.39,0.4,0.75,9,37,5627.67,2855.72,359.72,0.05,12
C11135,118.95,0.68,99.64,36.32,26.1,68.17,0.81,0.77,0.63,0.05,7,38,1382.43,60.87,32.44,0.25,7
C11136,526.05,0.5,1504.32,818.9,220.72,31.28,0.74,0.48,0.04,0.08,17,1,2141.84,566.15,150.53,0.63,12
C11137,1532.73,0.58,1213.65,468.25,163.88,192.68,0.03,0.6,0.45,0.14,0,21,3643.75,1716.27,143.92,0.42,11
C11138,32.0,0.55,45.64,15.74,12.8,171.13,0.74,0.48,0.4,0.12,13,43,1483.09,19.97,7.67,0.2,10
C11139,5460.97,0.24,3014.59,1523.65,1026.34,0.0,0.96,0.28,0.75,0.07,11,35,7837.11,5044.88,1635.82,0.13,12
C11140,1695.88,0.22,1061.67,737.87,364.21,157.24,0.37,0.16,0.06,0.01,7,11,4712.52,1372.61,189.88,0.59,10
C11141,5062.78,0.69,3700.91,2563.5,506.71,147.53,0.71,0.85,0.4,0.01,14,45,9247.83,2984.37,889.45,0.04,12
C11142,3474.81,0.61,4542.19,2404.46,2219.45,42.15,0.28,0.28,0.86,0.1,5,17,10413.19,1798.13,832.94,0.01,12
C11143,5610.6,0.4,5155.45,3139.0,766.61,33.18,1.0,1.0,0.67,0.08,12,38,8418.28,5411.34,1311.16,0.17,11
C11144,1351.9,0.91,887.98,355.08,323.39,0.0,0.21,0.01,0.78,0.16,5,38,3748.47,751.36,349.18,0.3,12
C11145,518.28,0.37,57.38,22.36,26.13,73.0,0.31,0.88,0.76,0.02,15,14,1865.52,582.4,71.04,0.04,12
C11146,3582.21,0.76,3366.14,1961.14,1527.91,85.8,0.17,0.95,0.66,0.17,8,2,7884.92,3771.21,287.17,0.01,12
C11147,4624.94,0.83,2939.24,1805.87,896.03,163.76,0.96,0.06,0.39,0.04,16,57,6246.74,4657.34,1013.35,0.23,12
C11148,1612.61,0.87,908.57,542.18,191.69,121.55,0.57,0.63,0.4,0.07,11,45,3431.75,1757.64,217.53,0.56,12
C11149,2525.59,0.87,84.51,28.89,36.44,2562.54,0.25,0.78,0.05,0.53,0,1,3954.85,1451.29,534.2,0.18,10
C11150,363.07,0.84,90.09,39.87,31.08,119.11,0.13,0.62,0.19,0.17,12,11,2345.13,340.86,61.12,0.23,12
C11151,3123.02,0.57,148.85,47.28,61.98,450.9,0.87,0.88,0.56,0.85,0,33,4871.49,2012.71,514.21,0.25,10
C11152,94.93,0.7,12.94,7.95,3.36,25.21,0.06,0.13,0.9,0.02,14,53,2053.3,82.0,25.67,0.24,8
C11153,326.27,0.89,111.63,47.41,51.95,0.0,0.64,0.95,0.61,0.12,4,13,1929.27,245.03,68.55,0.1,11
C11154,1424.51,0.54,1106.1,521.96,521.9,149.98,0.61,0.55,0.39,0.15,19,31,3199.28,834.3,293.63,0.41,11
C11155,381.7,0.74,44.79,23.81,17.69,135.71,0.77,0.34,0.83,0.05,4,42,1480.17,387.11,111.73,0.19,12
C11156,424.7,0.33,111.99,33.62,53.42,144.54,0.68,0.53,0.45,0.04,9,52,2248.39,302.09,49.88,0.28,12
C11157,371.62,0.65,29.6,13.07,8.33,41.74,0.84,0.34,0.26,0.1,11,33,1860.17,217.78,82.55,0.27,11
C11158,1274.43,0.31,436.78,258.1,77.65,113.69,0.04,0.46,0.08,0.15,2,25,2984.21,1421.75,176.99,0.41,12
C11159,4229.83,0.73,2886.9,1196.41,1046.1,0.0,0.43,0.16,0.83,0.1,4,11,10937.24,2513.55,844.83,0.27,12
C11160,169.04,0.5,0.0,0.0,0.0,21.07,0.08,0.84,0.62,0.05,19,32,1684.65,108.83,42.98,0.0,12
C11161,3466.6,0.38,3967.82,2741.24,1176.57,102.7,0.41,0.39,0.58,0.17,7,30,7175.23,1790.85,973.06,0.16,11
C11162,3877.42,0.49,2226.92,773.33,454.84,120.99,0.56,0.47,0.72,0.17,15,53,9886.96,3346.21,607.88,0.26,10
C11163,289.48,0.76,27.17,11.07,9.5,0.0,0.59,0.91,0.61,0.13,9,31,1770.58,311.98,74.69,0.12,9
C11164,176.77,0.93,21.82,12.52,3.76,15.4,0.92,0.91,0.35,0.01,4,46,1806.33,193.71,23.65,0.21,11
C11165,2619.87,0.21,138.56,74.73,55.61,1559.54,0.92,0.79,0.62,0.89,12,25,2855.78,2673.96,563.94,0.07,12
C11166,4148.41,0.33,3890.51,2689.13,1800.24,176.68,0.31,0.03,0.14,0.12,2,29,9692.3,3442.94,1117.62,0.29,12
C11167,541.69,0.76,90.63,28.44,15.1,34.95,0.7,0.91,0.3,0.16,19,2,4409.2,608.11,119.91,0.78,12
C11168,4436.89,0.65,2848.92,1855.21,1219.65,111.25,0.71,0.19,0.54,0.09,13,29,10924.4,4601.02,1004.66,0.19,12
C11169,145.52,0.46,51.92,25.72,9.31,119.63,0.96,0.44,0.07,0.06,13,12,2135.5,163.35,37.75,0.01,12
C11170,1406.57,0.72,944.39,369.03,283.48,80.02,0.08,0.9,0.82,0.18,0,19,4469.23,939.06,159.1,0.68,12
C11171,3965.85,0.89,2736.32,1371.84,1290.72,121.44,0.62,0.1,0.04,0.08,5,58,8967.63,3652.16,938.81,0.08,9
C11172,295.08,0.41,74.2,34.49,9.87,0.0,0.41,0.13,0.37,0.18,7,40,1045.68,152.0,61.79,0.0,12
C11173,3419.08,0.59,3920.91,1457.54,532.88,47.54,0.35,0.58,0.45,0.11,7,11,8532.02,2957.65,637.56,0.06,12
C11174,984.73,0.22,894.88,347.0,432.67,214.75,0.62,0.47,0.68,0.12,2,33,3760.19,1096.81,289.29,0.3,11
C11175,4534.73,0.96,2008.02,833.84,328.39,220.38,0.28,0.39,0.15,0.02,0,27,10125.24,4611.5,694.4,0.27,12
C11176,1259.18,0.84,1084.58,564.93,256.85,167.43,0.04,0.81,0.82,0.05,11,45,1965.36,1313.73,136.89,0.31,12
C11177,1123.71,0.6,1108.95,369.55,314.5,188.03,0.78,0.89,0.43,0.19,8,17,1952.07,811.28,291.96,0.37,9
C11178,395.54,0.99,26.54,8.9,2.73,0.0,0.09,0.99,0.25,0.14,4,38,2130.55,308.01,38.08,0.2,8
C11179,146.81,0.38,30.23,13.08,5.3,24.1,0.33,0.12,0.1,0.1,11,45,934.85,174.76,34.69,0.25,12
C11180,3100.06,0.8,4998.45,2913.68,2156.14,75.11,0.59,0.68,0.93,0.1,19,43,7308.54,2130.03,874.39,0.11,12
C11181,242.12,0.82,0.0,0.0,0.0,293.25,0.62,0.87,0.4,0.02,18,34,1552.14,135.67,61.84,0.05,12
C11182,284.5,0.86,109.84,33.48,28.29,74.95,0.67,0.24,0.38,0.16,17,1,1905.33,219.72,59.26,0.04,11
C11183,148.61,0.75,136.43,93.99,50.86,159.59,0.99,0.48,0.18,0.01,5,42,2071.81,154.12,41.73,0.04,12
C11184,22.21,0.35,56.81,32.63,13.06,130.27,0.4,0.01,0.51,0.08,3,57,1230.84,19.24,3.82,0.16,12
C11185,3848.6,0.27,3169.05,2092.82,872.8,128.49,0.14,0.13,0.32,0.08,4,38,7682.38,2042.06,265.24,0.18,12
C11186,1537.07,0.34,1437.24,739.51,715.01,98.12,0.14,0.13,0.17,0.12,6,35,2274.63,1483.75,359.26,0.64,10
C11187,2160.71,0.89,217.83,105.68,89.25,1723.82,0.51,0.71,0.75,0.6,0,30,4928.11,2192.96,495.26,0.24,8
C11188,355.34,0.52,87.13,53.5,28.02,0.0,0.38,0.62,0.9,0.19,6,5,829.47,327.6,94.64,0.25,12
C11189,3681.78,0.64,3022.23,1572.9,939.0,202.55,0.91,0.04,0.35,0.16,11,57,8983.27,2282.47,557.88,0.05,10
C11190,1024.08,0.22,1223.15,805.99,535.38,50.68,0.51,0.6,0.29,0.19,4,22,2331.84,649.0,88.34,0.54,12
C11191,1843.67,0.59,569.47,374.27,193.82,0.0,0.45,0.07,0.37,0.1,19,42,4570.93,1447.53,139.51,0.59,11
C11192,1967.57,0.53,99.18,50.8,23.38,1971.78,0.86,0.2,0.92,0.59,16,32,4529.52,1477.14,268.28,0.26,10
C11193,2501.5,0.63,208.86,110.59,55.79,2357.08,0.8,0.9,0.58,0.38,7,41,6297.81,1429.15,620.98,0.16,12
C11194,1587.19,0.5,179.03,86.38,31.04,2865.52,0.71,0.45,0.17,0.47,8,4,4918.24,1748.35,286.24,0.19,10
C11195,314.37,0.26,29.51,16.99,14.28,189.26,0.53,0.78,0.63,0.19,9,41,1844.15,360.66,29.11,0.19,6
C11196,272.98,0.24,96.6,55.35,34.86,26.48,0.23,0.31,0.4,0.02,6,33,1637.97,163.97,,0.17,12
C11197,4334.8,0.96,3042.44,1704.49,789.3,30.0,0.57,0.11,0.02,0.16,1,28,7802.74,3873.75,594.31,0.16,8
C11198,363.4,0.68,66.17,21.5,16.14,74.5,0.12,0.89,0.97,0.16,7,44,2099.02,291.03,61.8,0.28,12
C11199,3513.41,0.71,2056.32,1409.47,951.66,165.73,0.54,0.16,0.11,0.13,11,38,9843.83,2762.61,913.0,0.1,11
C11200,1540.19,0.93,1098.62,477.07,268.2,0.0,0.85,0.35,0.41,0.16,5,45,4141.03,1395.77,459.11,0.46,9
C11201,1284.79,0.64,1230.23,490.23,495.22,110.26,0.52,0.7,0.66,0.02,4,36,2536.23,1051.53,256.72,0.53,7
C11202,3789.22,0.69,3116.92,1198.2,1353.27,174.57,0.07,0.59,0.59,0.07,10,47,9523.46,3092.2,558.14,0.01,8
C11203,2834.41,0.62,5490.08,1799.17,2546.96,171.27,0.03,0.93,0.0,0.07,0,53,10053.62,1702.18,271.66,0.11,12
C11204,492.22,0.34,96.78,46.73,24.12,156.68,0.86,0.99,0.61,0.2,14,48,1625.28,490.96,87.49,0.05,12
C11205,189.9,0.45,64.07,20.29,26.02,185.04,0.22,0.15,0.73,0.09,13,58,1404.41,172.04,38.6,0.13,12
C11206,1288.47,0.91,1071.76,390.51,247.31,0.0,0.53,0.23,0.85,0.01,19,32,2219.51,694.75,169.74,0.59,12
C11207,1033.57,0.56,834.25,252.04,398.45,229.08,0.78,0.64,0.18,0.05,2,28,4822.68,788.41,135.38,0.65,12
C11208,256.04,0.36,0.0,0.0,0.0,126.43,0.25,0.15,0.04,0.17,15,4,1500.12,167.05,65.83,0.18,12
C11209,1208.52,0.86,925.37,646.0,303.59,206.77,0.74,0.54,0.94,0.18,2,36,4186.68,934.16,259.82,0.4,12
C11210,4272.35,0.27,3280.47,1694.63,997.2,6.03,0.08,0.37,0.68,0.19,15,40,9717.67,2491.64,694.54,0.19,12
C11211,3299.15,0.71,2286.99,747.52,1031.54,0.0,0.75,0.89,0.45,0.03,4,17,8381.1,3059.57,624.95,0.29,12
C11212,1266.86,0.76,943.48,495.95,175.98,242.91,0.06,0.92,0.73,0.14,16,2,2697.44,1149.13,223.21,0.87,12
C11213,653.11,0.44,869.18,469.63,117.27,25.88,0.28,0.26,0.16,0.08,2,50,2248.11,597.56,,0.69,7
C11214,438.46,0.33,39.11,20.3,17.15,75.13,0.26,0.1,0.96,0.15,16,7,1473.5,331.6,117.33,0.27,12
C11215,1143.24,0.56,1202.99,522.57,288.77,142.2,0.89,0.99,0.65,0.16,12,42,3263.78,1149.45,83.17,0.32,11
C11216,279.11,0.8,32.68,18.4,7.52,161.83,0.53,0.15,0.88,0.05,0,58,2095.7,304.19,28.82,0.28,12
C11217,1062.99,0.91,671.06,239.6,95.37,186.27,0.84,0.17,0.56,0.1,5,55,2490.5,841.3,202.43,0.83,12
C11218,4031.45,0.85,4238.5,1643.8,1983.72,117.87,0.58,0.25,0.8,0.07,9,13,7450.76,3237.81,666.33,0.12,7
C11219,653.67,0.29,0.0,0.0,0.0,15.66,0.81,0.34,0.33,0.09,13,36,1163.64,737.94,129.97,0.14,11
C11220,335.05,0.38,0.0,0.0,0.0,156.53,0.55,0.15,0.13,0.06,14,56,1160.52,309.46,93.79,0.3,12
C11221,290.73,0.69,54.66,19.63,25.1,157.8,0.45,0.32,0.35,0.07,10,42,1333.72,249.09,35.32,0.02,9
C11222,3475.46,0.77,131.93,51.03,57.73,1401.83,0.66,0.02,0.9,0.39,13,17,3694.15,3531.08,304.72,0.1,12
C11223,1447.65,0.21,806.6,475.62,226.43,213.49,0.29,0.8,0.7,0.06,7,5,3730.13,1038.11,116.28,0.85,11
C11224,451.11,0.31,30.05,10.41,4.93,0.0,0.92,0.26,0.46,0.12,6,31,1734.32,235.9,29.22,0.22,12
C11225,2031.67,0.28,225.86,99.74,83.33,1718.84,0.91,0.82,0.24,0.86,3,36,5580.97,2014.08,503.22,0.2,12
C11226,1335.24,0.47,736.05,317.5,265.19,49.27,0.07,0.65,0.6,0.18,13,11,3551.14,1271.48,219.47,0.6,12
C11227,1023.54,0.74,687.15,268.81,81.66,156.44,0.92,0.48,0.59,0.08,13,22,2854.79,818.81,116.63,0.74,12
C11228,4597.37,0.95,185.27,90.92,85.18,1477.09,0.18,0.97,0.53,0.59,18,25,4696.79,2446.23,1004.61,0.16,12
C11229,184.01,0.27,0.0,0.0,0.0,97.03,0.68,0.39,0.74,0.19,10,30,1259.97,213.09,44.96,0.21,10
C11230,166.53,0.6,78.05,37.67,21.19,136.09,0.82,0.18,0.24,0.09,12,3,1353.27,168.45,,0.08,6
C11231,952.35,0.5,932.09,291.79,284.76,93.08,0.24,0.58,0.51,0.16,14,19,3516.31,733.19,142.72,0.86,12
C11232,206.54,0.52,65.05,44.76,30.24,157.12,0.11,0.14,0.31,0.19,17,50,770.12,132.34,45.93,0.06,12
C11233,3714.16,0.25,2805.06,1520.2,471.8,274.82,0.76,0.28,0.21,0.16,10,17,9313.21,3300.92,437.0,0.04,12
C11234,431.46,0.43,63.11,20.83,15.62,0.0,0.44,0.91,0.33,0.02,14,48,1281.76,222.15,114.93,0.08,12
C11235,218.38,0.4,81.97,30.84,24.63,0.0,0.49,0.89,0.8,0.04,16,49,2029.14,179.08,60.53,0.24,9
C11236,5.19,0.77,0.0,0.0,0.0,66.75,0.76,0.47,0.11,0.06,11,51,1630.94,6.18,1.08,0.21,8
C11237,1606.26,0.71,897.31,531.81,247.57,61.28,0.25,0.48,0.28,0.14,10,33,4526.38,1634.28,344.93,0.66,11
C11238,301.49,0.71,94.12,41.98,24.42,69.79,0.1,0.57,0.53,0.13,13,21,1438.78,358.61,64.79,0.19,12
C11239,20.49,0.62,70.37,25.29,33.36,25.88,0.96,0.08,0.4,0.03,16,15,1500.49,15.92,4.05,0.28,12
C11240,3155.88,0.47,151.33,77.84,55.18,1761.79,0.7,0.25,0.83,0.63,11,32,4016.97,1770.41,503.98,0.16,12
C11241,91.19,0.4,118.18,48.52,19.55,0.0,0.65,0.58,0.78,0.08,10,46,1411.39,107.2,21.44,0.28,6
C11242,1124.74,0.21,671.17,227.34,114.31,136.06,0.33,0.32,0.68,0.14,4,49,3363.96,1243.6,330.85,0.9,12
C11243,624.77,0.32,39.92,17.5,14.28,151.08,1.0,0.21,0.28,0.05,19,4,755.11,558.41,147.73,0.14,10
C11244,1533.18,0.38,611.62,367.22,175.43,125.32,0.22,0.65,0.02,0.05,1,55,1586.95,1013.26,195.31,0.7,12
C11245,338.51,0.98,30.97,13.68,3.21,138.97,0.18,0.57,0.31,0.12,17,17,1918.09,344.31,59.28,0.3,10
C11246,1495.58,0.98,627.28,198.42,175.29,175.94,0.32,0.33,0.6,0.02,7,15,3049.89,767.92,298.02,0.35,7
C11247,253.6,0.81,26.27,9.15,12.5,104.29,0.74,0.94,0.1,0.13,5,20,1113.42,289.13,17.89,0.22,10
C11248,1668.26,0.69,281.02,151.34,112.11,1788.73,0.24,0.78,0.82,0.67,4,21,5636.73,1648.29,288.61,0.14,8
C11249,1344.18,0.74,0.0,0.0,0.0,2769.75,0.31,0.6,0.99,0.49,14,10,5761.99,837.49,101.64,0.11,11
C11250,257.09,0.68,117.87,67.18,20.99,148.03,0.53,0.21,0.74,0.16,5,19,1534.65,158.16,45.67,0.11,12
C11251,158.62,0.72,87.33,46.17,20.46,171.17,0.65,0.65,0.41,0.04,2,50,826.48,85.75,11.38,0.11,12
C11252,471.93,0.38,37.1,18.51,18.5,0.0,0.15,0.69,0.8,0.04,9,1,500.0,490.5,66.23,0.17,12
C11253,922.68,0.98,412.53,202.16,150.0,85.32,0.65,0.58,0.27,0.18,18,40,1659.99,543.92,266.3,0.87,12
C11254,233.58,0.81,63.87,43.72,13.44,14.77,0.38,0.64,0.95,0.15,17,52,1268.53,201.82,12.11,0.17,11
C11255,2765.83,0.39,155.36,100.19,61.4,1336.97,0.35,0.16,0.37,0.39,6,40,5891.11,2076.39,327.94,0.16,12
C11256,3950.79,0.61,4073.37,1845.86,556.2,158.14,0.08,0.33,0.69,0.14,12,28,8500.43,3493.89,564.7,0.09,10
C11257,4563.32,0.83,5466.52,3068.84,1356.97,78.05,0.97,0.89,0.02,0.09,9,35,9544.95,4501.1,901.28,0.14,12
C11258,1033.8,0.93,962.13,296.5,184.4,41.66,0.69,0.14,0.63,0.12,7,32,2886.07,668.84,301.21,0.54,9
C11259,2876.2,0.51,103.45,31.9,47.42,2646.01,0.1,0.59,0.3,0.58,0,22,4423.19,1841.77,603.82,0.22,12
C11260,614.02,0.59,20.86,8.92,8.22,89.34,0.37,0.9,0.1,0.01,3,50,1558.73,452.12,167.9,0.23,11
C11261,574.48,0.45,1218.3,733.31,364.27,214.12,0.08,0.01,0.43,0.12,17,39,3376.4,663.31,52.08,0.58,10
C11262,493.29,0.5,62.24,41.71,16.38,241.84,0.54,0.97,0.11,0.07,19,3,1453.54,399.97,60.26,0.17,10
C11263,3118.93,0.38,106.67,61.14,47.3,1906.94,0.7,0.88,0.19,0.78,18,44,2049.41,2120.47,847.62,0.09,12
C11264,849.88,0.22,808.42,470.95,144.04,118.61,0.06,0.72,0.9,0.07,19,14,2572.65,734.03,43.59,0.67,12
C11265,5141.59,0.53,3208.41,1003.74,416.79,246.05,0.92,0.71,0.06,0.19,9,32,9417.24,3219.97,840.36,0.09,12
C11266,294.97,0.58,100.04,67.23,44.09,119.26,0.37,0.87,0.62,0.12,1,10,1294.42,305.48,48.15,0.26,12
C11267,3447.68,0.82,130.86,43.8,57.92,2129.69,0.23,0.17,0.06,0.39,3,28,5651.53,2494.37,987.98,0.21,12
C11268,1126.84,0.62,796.49,540.63,157.09,45.97,0.13,0.7,0.72,0.05,15,8,4481.27,1338.51,182.89,0.38,12
C11269,885.15,0.46,1291.38,460.61,230.01,43.72,0.15,0.34,0.98,0.07,13,13,2639.32,832.86,244.82,0.89,12
C11270,2771.01,0.57,175.36,54.95,68.13,2065.13,0.85,0.88,0.43,0.51,19,52,5035.09,2571.76,544.03,0.18,12
C11271,694.93,0.84,348.56,183.15,54.85,137.05,0.48,0.53,0.97,0.05,5,5,2946.66,488.79,86.86,0.46,12
C11272,1415.78,0.58,1202.21,415.31,419.31,0.0,0.8,0.77,0.64,0.2,7,18,4168.13,884.7,123.27,0.89,11
C11273,825.14,0.64,516.43,160.88,196.5,64.09,0.23,0.17,0.6,0.13,19,2,4079.1,457.49,142.38,0.35,12
C11274,236.98,0.34,90.11,51.11,31.43,117.03,0.32,0.24,0.17,0.18,18,11,680.97,260.43,12.89,0.3,12
C11275,364.87,0.21,59.64,35.5,16.15,151.49,0.41,0.84,0.95,0.02,6,42,2331.98,432.64,48.82,0.17,12
C11276,318.11,0.94,0.0,0.0,0.0,97.93,0.45,0.4,0.86,0.08,19,33,1421.8,206.99,57.5,0.18,11
C11277,596.15,0.41,0.0,0.0,0.0,119.56,0.1,0.53,0.13,0.07,11,20,,712.64,113.01,0.05,12
C11278,3931.38,0.48,121.82,65.1,46.57,2408.18,0.05,0.73,0.03,0.61,19,5,4390.64,3660.66,632.89,0.13,12
C11279,1352.37,0.29,1064.97,388.01,284.96,27.06,1.0,0.17,0.36,0.03,0,42,3207.5,1420.93,393.53,0.87,12
C11280,1668.2,0.61,662.77,315.5,330.25,95.13,0.67,0.3,0.16,0.15,11,15,1774.22,1988.24,145.23,0.66,7
C11281,1866.64,0.79,988.27,548.28,276.49,140.84,0.05,0.33,0.34,0.13,19,30,3904.4,2207.66,558.82,0.61,12
C11282,1216.55,0.75,448.34,293.34,65.68,118.5,0.77,0.92,0.96,0.17,19,7,3971.65,1092.0,271.1,0.89,10
C11283,1935.1,0.88,1368.64,639.9,236.82,32.09,0.36,0.14,0.86,0.2,11,26,2845.52,1681.5,495.87,0.32,10
C11284,2370.07,0.43,242.3,140.47,57.95,2799.6,0.8,0.37,0.44,0.79,0,52,4279.45,2306.15,494.35,0.11,12
C11285,3094.21,0.45,251.04,125.69,42.29,2932.89,0.95,0.96,0.28,0.54,19,37,3716.19,2023.13,320.97,0.11,10
C11286,823.13,0.97,504.34,293.95,207.44,143.54,0.03,0.83,0.58,0.17,3,28,3970.31,635.59,195.63,0.37,9
C11287,18.17,0.57,156.3,96.22,16.51,87.0,0.96,0.67,0.94,0.11,6,10,1480.73,19.61,4.76,0.2,12
C11288,263.32,0.87,904.03,463.06,237.17,17.93,0.17,0.55,0.79,0.13,17,15,2450.8,151.9,62.67,0.67,12
C11289,751.36,0.69,741.37,240.53,334.57,42.93,0.3,0.84,0.87,0.06,10,58,3491.41,617.12,201.73,0.5,12
C11290,1386.67,0.34,1243.27,808.33,182.88,100.53,0.63,0.95,0.76,0.16,5,56,2840.28,999.77,91.36,0.59,8
C11291,3324.95,0.97,4114.49,2223.46,1359.57,122.08,0.72,0.92,0.5,0.09,0,19,8608.62,3018.23,965.86,0.22,7
C11292,1370.78,0.46,761.13,411.2,360.42,145.25,0.17,0.64,0.14,0.16,3,38,4304.33,867.12,390.39,0.53,11
C11293,494.6,0.71,83.78,42.21,10.78,131.04,0.14,0.73,0.82,0.09,15,46,1732.1,568.61,135.64,0.07,7
C11294,785.02,0.4,39.55,14.62,9.49,70.38,0.29,0.78,0.65,0.12,14,24,500.0,827.56,164.35,0.14,12
C11295,812.42,0.66,1172.66,579.85,134.93,59.11,0.33,0.81,0.77,0.02,3,14,4412.4,452.42,212.59,0.41,12
C11296,215.2,0.63,38.84,19.99,14.48,263.76,0.32,0.73,0.73,0.02,18,20,1247.12,156.69,43.3,0.1,11
C11297,394.47,0.41,6.8,3.08,1.82,55.48,0.17,0.18,0.25,0.19,8,28,1836.84,209.16,68.26,0.08,12
C11298,4772.9,0.99,4517.04,1624.51,2163.34,0.0,0.97,0.76,0.29,0.15,13,21,9049.72,2798.04,1349.55,0.23,12
C11299,1240.84,0.31,1006.01,608.53,378.78,0.0,0.8,0.39,0.86,0.03,13,29,3058.21,988.39,126.42,0.3,7
C11300,110.88,0.55,67.41,32.53,22.97,71.74,0.98,0.2,0.41,0.12,2,9,1368.34,81.01,29.15,0.01,10
C11301,1869.74,0.23,1124.74,652.65,522.02,175.2,0.1,0.1,0.18,0.16,1,18,4719.61,1616.27,299.41,0.78,12
C11302,5315.44,0.75,3214.23,1024.67,488.13,53.92,0.08,0.24,0.64,0.12,12,10,8764.35,3740.08,653.72,0.23,8
C11303,58.23,0.57,97.02,48.68,40.11,218.2,0.54,0.51,0.3,0.09,15,20,1024.53,42.65,10.28,0.04,12
C11304,3730.06,0.65,4601.3,1516.18,1803.35,99.42,0.61,0.25,0.64,0.17,18,16,6541.39,4366.87,780.79,0.19,12
C11305,2866.24,0.76,116.19,68.95,42.91,2044.37,0.64,0.67,0.59,0.63,16,26,5848.77,3188.5,274.25,0.06,11
C11306,1673.24,0.81,741.28,394.64,263.32,39.38,0.09,0.96,0.66,0.13,11,59,2786.51,852.29,397.88,0.43,11
C11307,4264.42,0.97,3703.18,1779.59,554.55,40.62,0.84,0.04,0.99,0.09,10,50,10141.51,3930.06,633.94,0.24,12
C11308,88.29,0.89,33.36,22.99,14.2,107.28,0.49,0.13,0.28,0.13,8,37,2138.38,52.93,19.95,0.2,12
C11309,1810.74,0.46,188.35,81.07,66.69,2485.51,0.37,0.25,0.98,0.7,12,30,3676.84,1906.0,161.67,0.2,12
C11310,1368.47,0.78,556.35,261.02,227.32,85.68,0.5,0.8,0.76,0.03,19,19,3207.14,1485.02,87.57,0.84,10
C11311,1445.02,0.26,149.28,88.83,67.24,1987.16,0.04,0.27,0.86,0.47,1,5,6973.02,1390.49,130.61,0.26,12
C11312,1446.38,0.31,1064.71,543.02,337.48,147.08,0.22,0.19,0.8,0.17,9,37,4092.62,1404.75,137.6,0.78,12
C11313,129.83,0.57,8.15,4.59,3.93,0.0,1.0,0.15,0.02,0.18,8,13,1260.98,142.3,31.21,0.04,12
C11314,294.19,0.57,41.84,28.89,6.01,72.73,0.55,0.15,0.5,0.15,6,2,1477.14,168.06,50.94,0.05,12
C11315,4865.16,0.6,4106.3,2374.55,417.26,58.51,0.08,0.72,0.11,0.01,16,59,10016.95,4842.62,1172.53,0.29,12
C11316,1468.86,0.58,714.32,257.36,165.71,62.39,0.29,0.71,0.67,0.13,10,12,3134.06,857.75,347.74,0.32,12
C11317,173.64,0.71,80.4,30.85,15.0,132.55,0.18,0.31,0.06,0.08,1,5,1016.2,91.96,19.33,0.16,11
C11318,3698.25,0.96,2992.81,1939.17,962.02,59.62,0.92,0.45,0.03,0.07,13,35,8134.98,3502.32,1027.1,0.15,12
C11319,2037.19,0.34,202.01,64.48,42.85,2387.67,0.81,0.63,0.91,0.78,19,38,5031.24,1406.6,493.54,0.22,12
C11320,964.05,0.49,813.48,409.72,305.26,81.08,0.55,0.98,0.92,0.04,3,16,4167.59,512.98,68.78,0.77,12
C11321,2064.78,0.26,742.99,492.14,355.25,14.85,0.95,0.74,0.62,0.03,9,12,3560.32,1123.63,398.68,0.61,12
C11322,155.3,0.36,43.33,26.45,17.67,139.71,0.37,0.8,0.46,0.02,4,8,939.81,184.16,23.79,0.03,12
C11323,3386.95,0.99,3797.92,1315.09,1018.22,164.46,0.86,0.98,0.83,0.14,0,25,6609.64,2222.4,558.4,0.09,6
C11324,274.18,0.23,11.34,6.76,5.6,0.0,0.47,0.38,0.96,0.19,8,24,2291.36,215.37,38.87,0.26,9
C11325,1431.9,0.37,98.28,44.51,40.15,1591.35,0.85,0.07,0.05,0.39,6,21,2723.26,983.1,249.25,0.12,7
C11326,1021.03,0.54,470.49,310.76,199.65,128.27,0.9,0.75,0.1,0.02,18,55,3981.32,1179.02,141.82,0.43,12
C11327,1699.62,0.43,553.42,292.82,100.67,0.0,0.46,0.12,0.91,0.04,10,58,2583.5,937.64,281.65,0.68,11
C11328,33.35,0.64,117.53,61.06,44.05,162.61,0.18,0.44,0.1,0.15,12,52,1362.9,29.36,6.21,0.28,12
C11329,511.83,0.99,102.85,31.21,13.19,183.95,0.19,0.74,0.71,0.07,19,33,2135.44,427.1,119.08,0.27,12
C11330,4807.28,0.76,2494.33,997.39,484.21,87.04,0.29,0.56,0.55,0.13,10,57,9282.7,4732.65,422.43,0.11,12
C11331,1041.41,0.52,925.93,430.65,98.68,38.09,0.22,0.37,0.52,0.04,14,14,2717.73,1175.57,86.83,0.87,12
C11332,1815.94,0.75,1190.03,701.6,454.7,0.0,0.39,0.51,0.1,0.15,10,44,4329.32,908.48,316.82,0.86,12
C11333,3149.08,0.9,10.08,5.12,1.09,2661.95,0.51,0.25,0.73,0.79,11,36,3486.68,1611.04,531.39,0.01,12
C11334,3739.56,0.38,246.54,158.04,68.95,2855.14,0.09,0.07,0.6,0.82,4,36,6451.05,2857.39,714.13,0.05,11
C11335,2836.22,0.77,134.64,42.24,48.41,2268.47,0.91,0.41,0.93,0.53,19,4,4804.92,2215.46,576.73,0.22,12
C11336,329.97,0.69,16.21,6.96,3.6,84.4,0.0,0.06,0.48,0.1,6,8,1323.29,370.67,39.11,0.27,11
C11337,1122.71,0.79,790.69,426.21,195.23,12.59,0.14,0.98,0.91,0.04,5,55,2894.43,780.52,237.94,0.41,10
C11338,4199.23,0.27,166.74,93.96,74.58,2586.9,0.01,0.45,0.18,0.68,6,16,4456.55,4593.26,730.32,0.12,11
C11339,857.06,0.79,1464.16,733.49,674.34,89.85,0.99,0.88,0.2,0.08,7,20,4801.04,482.09,149.11,0.63,11
C11340,352.43,0.83,11.68,5.37,5.18,138.25,0.41,0.95,0.95,0.18,7,41,1633.99,195.31,69.95,0.08,12
C11341,4353.78,0.75,3280.55,1078.06,1312.14,124.22,0.2,0.45,0.1,0.06,15,53,8870.64,4447.75,883.95,0.28,12
C11342,1101.97,0.36,313.51,181.36,66.15,107.44,0.12,0.42,0.24,0.18,14,23,,1139.28,225.05,0.77,12
C11343,1219.58,0.33,1159.07,766.71,150.53,182.28,0.37,0.89,0.14,0.15,11,48,3015.74,690.45,314.23,0.57,12
C11344,2778.13,0.79,243.78,152.0,72.03,1979.35,0.98,0.03,0.71,0.81,5,36,6689.63,3320.25,485.83,0.01,12
C11345,1265.55,0.72,1787.5,1037.63,839.69,58.18,0.55,0.49,0.78,0.04,4,11,2116.52,704.06,361.01,0.87,12
C11346,960.47,0.99,678.18,375.48,128.41,26.15,0.35,0.27,0.9,0.02,13,33,3726.0,1074.7,275.27,0.76,12
C11347,977.93,0.56,1531.58,932.45,281.54,0.0,0.36,0.75,0.15,0.17,15,57,4114.25,621.71,130.89,0.54,12
C11348,1152.56,0.38,1124.51,686.73,463.14,72.31,0.12,0.84,0.32,0.11,8,59,3436.24,594.02,311.55,0.46,12
C11349,205.63,0.82,89.49,27.1,30.14,12.53,0.52,0.62,0.32,0.19,5,59,1934.02,225.86,31.92,0.28,9
C11350,4412.77,0.8,3918.38,1736.39,1025.52,133.54,0.42,0.41,0.97,0.1,9,4,8975.1,2775.78,1295.48,0.1,11
C11351,4387.71,0.62,3167.25,2049.92,1409.64,73.13,0.73,0.55,0.58,0.12,11,48,9896.31,3819.91,1236.68,0.16,12
C11352,276.95,0.8,68.33,43.75,22.76,81.81,0.19,0.57,0.34,0.2,1,28,2695.93,298.76,44.28,0.2,11
C11353,238.11,0.45,45.49,26.57,21.29,164.96,0.14,0.64,0.3,0.14,17,27,1244.17,144.84,32.71,0.04,6
C11354,2999.15,0.37,95.62,40.51,23.64,2060.82,0.58,0.92,0.32,0.39,14,25,3564.77,3055.35,664.33,0.21,10
C11355,311.21,0.3,79.05,48.95,21.95,90.66,0.74,0.25,0.71,0.17,5,40,1596.9,271.4,44.16,0.04,7
C11356,1851.68,0.43,895.06,351.42,116.11,234.91,0.5,0.2,0.55,0.06,16,30,3067.87,1257.49,398.28,0.31,11
C11357,1207.54,0.72,547.52,213.33,135.28,159.05,0.79,0.19,0.62,0.11,15,4,3278.7,638.9,187.57,0.59,11
C11358,4110.58,0.41,3658.66,1881.62,628.87,66.73,0.84,0.7,0.47,0.05,10,23,9082.98,2811.86,721.28,0.03,12
C11359,410.1,0.91,0.0,0.0,0.0,70.3,0.92,0.9,0.03,0.2,17,55,1084.95,326.99,59.33,0.21,12
C11360,4690.52,0.4,3383.15,1490.39,684.43,163.07,0.38,0.33,0.69,0.19,4,8,7565.53,3553.3,1168.76,0.02,9
C11361,713.9,0.75,950.77,514.85,281.67,116.23,0.9,0.42,0.72,0.17,6,13,3591.32,715.2,143.02,0.58,9
C11362,1132.07,0.62,870.96,508.33,173.27,10.31,0.71,0.97,0.18,0.08,19,6,3834.47,890.8,249.98,0.85,12
C11363,395.37,0.37,34.16,12.71,4.91,171.58,0.62,0.15,0.65,0.15,3,43,1441.71,302.95,100.91,0.11,12
C11364,1089.04,0.64,800.1,332.4,224.52,200.58,0.55,0.88,0.88,0.05,17,48,2791.07,1163.72,271.23,0.61,12
C11365,176.03,0.96,806.45,467.69,128.34,194.51,0.02,0.96,0.6,0.08,17,48,1713.08,145.18,31.23,0.81,12
C11366,18.9,0.96,0.0,0.0,0.0,223.42,0.56,0.8,0.67,0.16,7,4,1667.7,22.49,2.15,0.23,9
C11367,87.69,0.43,33.07,21.62,16.01,265.54,0.78,0.34,0.7,0.01,9,58,1137.03,79.11,12.35,0.16,11
C11368,222.86,0.63,52.32,18.41,15.19,238.4,0.99,0.65,0.32,0.01,18,53,1611.43,257.64,41.9,0.19,12
C11369,625.52,0.32,51.59,27.23,21.71,127.25,0.43,0.29,0.15,0.13,6,49,1223.38,699.04,68.61,0.02,12
C11370,551.61,0.58,72.24,44.79,12.16,83.33,0.99,0.12,0.47,0.15,7,51,2017.69,435.68,135.26,0.26,12
C11371,3915.81,0.46,242.15,95.63,68.92,1814.32,0.17,0.11,0.23,0.76,0,49,4543.38,3637.27,420.32,0.16,7
C11372,1018.85,0.94,702.54,391.51,95.52,100.87,0.96,0.01,0.69,0.13,7,2,3269.53,609.85,136.32,0.32,6
C11373,3460.92,0.71,3573.97,1683.54,946.1,141.53,0.59,0.98,0.71,0.18,3,42,11025.48,3007.24,720.51,0.08,12
C11374,2891.16,0.35,151.37,85.54,65.17,1432.77,0.66,0.66,0.01,0.73,4,54,5239.42,2303.63,648.85,0.02,12
C11375,217.62,0.99,25.09,7.85,11.47,0.0,0.57,0.32,0.95,0.17,10,34,2196.28,182.5,32.35,0.1,11
C11376,3972.26,0.76,2054.36,873.47,631.92,77.07,0.98,0.58,0.93,0.12,15,54,8882.34,2498.52,949.07,0.25,11
C11377,2712.62,0.31,194.35,82.2,41.7,1863.32,0.04,0.62,0.13,0.82,16,2,5197.54,3001.12,747.31,0.16,12
C11378,1989.16,0.84,1375.86,643.17,541.25,17.93,0.41,0.18,0.48,0.01,7,35,4316.77,1105.93,181.21,0.32,10
C11379,1137.28,0.65,1418.39,490.5,504.34,113.26,0.88,0.29,0.21,0.08,10,58,5356.86,1190.55,317.27,0.36,12
C11380,1734.42,0.52,286.24,135.86,82.49,134.53,0.17,0.55,0.96,0.16,1,33,4117.19,2013.46,320.03,0.73,11
C11381,311.25,0.36,110.33,57.0,32.01,189.44,0.57,0.84,0.57,0.11,5,26,957.06,178.79,50.49,0.07,8
C11382,790.82,0.42,357.54,111.08,106.29,237.01,0.52,0.13,0.7,0.04,6,17,5120.29,635.49,196.88,0.87,12
C11383,2720.48,0.33,0.0,0.0,0.0,2070.55,0.81,0.86,0.98,0.39,18,47,4186.95,2474.18,669.29,0.05,12
C11384,3292.0,0.84,63.19,23.44,19.44,2349.09,0.92,0.61,0.67,0.79,16,56,7885.38,3930.43,726.32,0.18,12
C11385,132.4,0.42,22.97,15.82,2.82,117.21,0.26,0.49,0.87,0.09,7,22,1002.88,146.41,20.14,0.22,12
C11386,4611.29,0.58,3473.85,1223.1,1139.68,151.95,0.69,0.14,0.24,0.02,3,29,10067.89,3642.74,538.68,0.02,9
C11387,268.15,0.97,25.73,14.18,7.68,142.99,0.55,0.55,0.23,0.19,3,27,1649.94,315.76,37.57,0.21,12
C11388,1087.23,1.0,152.02,70.04,40.78,2023.04,0.66,0.35,0.44,0.79,10,37,5529.87,795.73,210.18,0.0,8
C11389,229.41,0.83,53.21,22.08,12.22,0.0,0.2,0.19,0.88,0.16,18,27,996.6,169.31,43.82,0.24,10
C11390,2032.22,0.84,219.16,140.62,76.42,1148.14,0.27,0.88,0.04,0.54,11,43,5981.9,1736.29,571.03,0.08,11
C11391,4205.31,0.96,2686.77,1519.73,789.88,138.99,0.55,0.46,0.44,0.05,7,59,7201.34,4397.5,,0.05,8
C11392,301.06,0.84,0.0,0.0,0.0,81.18,0.0,0.08,0.82,0.07,16,18,2352.65,191.03,65.23,0.04,11
C11393,258.27,0.56,106.99,36.11,26.73,0.0,0.72,0.3,0.18,0.17,9,12,2127.96,263.37,55.53,0.13,12
C11394,3266.36,0.25,3309.71,1335.76,432.25,95.12,0.16,0.18,0.62,0.15,4,33,9030.23,1639.35,760.81,0.09,8
C11395,538.48,0.37,32.82,13.48,8.26,43.16,0.93,0.94,0.07,0.06,16,30,2094.7,368.18,160.39,0.14,12
C11396,1158.06,0.56,679.22,321.78,212.69,234.24,0.86,0.24,0.01,0.16,18,25,3942.01,1368.97,290.1,0.38,10
C11397,3194.01,0.41,126.56,84.62,32.45,2926.19,0.62,0.51,0.32,0.59,5,9,5583.14,3064.73,191.36,0.03,12
C11398,1222.85,0.46,385.4,177.85,91.21,36.36,0.89,0.75,0.81,0.1,19,6,4291.71,1007.38,309.26,0.56,12
C11399,1280.28,0.25,468.27,201.92,99.49,0.0,0.99,0.16,0.04,0.1,10,29,3729.09,1295.95,384.05,0.82,10
C11400,786.3,0.64,611.64,200.85,154.57,147.25,0.77,0.44,0.36,0.1,4,43,4386.58,632.72,46.77,0.54,12
C11401,251.99,0.48,44.2,20.06,5.65,155.69,0.63,0.65,0.73,0.03,17,32,1553.09,144.81,50.22,0.19,12
C11402,2459.7,0.41,105.79,33.95,52.64,1627.7,0.45,0.88,0.37,0.57,2,46,5035.07,2086.56,491.58,0.25,12
C11403,358.1,0.69,38.26,17.07,12.32,148.29,0.81,0.65,0.48,0.14,5,8,2078.79,418.54,64.9,0.22,12
C11404,224.16,0.42,18.67,12.83,6.62,72.14,0.7,0.08,0.5,0.17,7,56,2053.01,154.85,60.26,0.21,11
C11405,246.68,0.58,0.0,0.0,0.0,185.38,0.47,0.32,0.91,0.16,17,41,746.54,132.47,62.55,0.05,12
C11406,2596.34,0.4,129.81,49.79,60.93,2833.86,0.5,0.35,0.88,0.6,18,39,5567.17,2645.52,241.49,0.25,12
C11407,743.86,0.74,41.17,17.28,13.52,0.0,0.23,0.39,0.06,0.16,3,49,1546.78,608.54,56.35,0.0,12
C11408,2273.25,0.88,243.59,128.72,64.73,2727.87,0.79,0.94,0.69,0.64,0,56,6010.88,1669.24,208.34,0.21,12
C11409,4388.55,0.27,2171.21,668.11,836.54,262.5,0.88,0.04,0.54,0.12,17,48,9737.51,3691.99,1192.28,0.24,12
C11410,2974.52,0.86,3289.5,2170.51,729.41,174.58,0.02,0.3,0.35,0.17,10,28,6405.14,3423.67,221.91,0.07,12
C11411,2114.99,0.88,96.57,51.3,45.76,1216.21,0.11,0.49,0.49,0.88,7,43,6596.86,1427.99,447.41,0.09,11
C11412,3773.47,0.97,3429.82,1704.32,575.27,0.0,0.99,0.09,0.88,0.05,0,25,9231.94,2416.39,833.26,0.07,12
C11413,2503.73,0.86,118.71,69.62,51.43,1238.81,0.18,0.48,0.77,0.87,10,8,4962.85,2187.6,261.71,0.25,12
C11414,491.84,0.64,0.0,0.0,0.0,8.61,0.74,0.11,0.57,0.15,2,59,1234.06,405.43,52.85,0.13,10
C11415,3795.87,0.26,2907.01,897.27,862.5,74.66,0.48,0.84,0.18,0.02,11,37,9581.96,2295.96,982.86,0.11,12
C11416,1442.49,0.26,1342.52,733.13,605.02,96.22,0.52,0.27,0.62,0.11,3,47,3315.43,1307.56,223.62,0.51,9
C11417,647.9,0.36,1173.61,427.19,150.96,92.76,0.11,0.52,0.5,0.0,4,41,3319.09,584.5,,0.4,12
C11418,2063.17,0.56,112.27,34.23,39.1,1218.64,0.14,0.62,0.45,0.8,2,20,5407.33,1905.96,308.01,0.2,10
C11419,2553.05,0.96,277.93,186.65,67.4,1917.71,0.58,0.31,0.94,0.48,3,45,4010.55,2015.61,244.58,0.21,7
C11420,3513.4,0.34,1518.0,934.13,373.01,61.69,0.38,0.35,0.99,0.06,14,19,9658.54,2470.04,561.52,0.28,12
C11421,774.19,0.63,1138.68,393.62,319.0,9.55,0.8,0.51,0.95,0.15,14,42,3383.94,565.02,90.83,0.86,12
C11422,451.13,1.0,1219.31,802.97,412.99,131.11,0.97,0.81,0.74,0.13,9,49,3007.37,489.05,56.41,0.79,12
C11423,661.39,0.21,702.39,229.7,243.31,230.52,0.81,0.45,0.6,0.05,16,37,2994.59,620.1,66.42,0.9,12
C11424,1097.39,0.24,1688.77,1049.06,356.85,67.74,0.41,0.49,0.32,0.0,19,28,3531.64,854.45,226.76,0.71,12
C11425,1172.23,0.42,958.9,446.65,243.16,168.03,0.48,0.6,0.95,0.05,2,43,3398.01,1089.34,142.68,0.65,10
C11426,380.98,0.38,67.39,34.18,13.46,33.03,0.16,0.43,0.46,0.1,4,4,1483.73,283.73,34.83,0.29,11
C11427,341.0,0.6,113.84,64.59,40.19,101.7,0.7,0.73,0.2,0.15,15,51,756.4,376.42,85.97,0.14,12
C11428,3464.87,0.54,3905.17,1325.82,549.9,7.04,0.45,0.0,0.11,0.12,11,30,8678.5,3497.24,672.06,0.06,12
C11429,1636.23,0.67,1249.5,828.55,336.65,100.87,0.86,0.48,0.84,0.01,6,34,3655.48,933.74,433.15,0.8,12
C11430,3302.19,0.32,250.75,89.63,123.22,1960.42,0.65,0.92,0.33,0.76,11,12,5119.76,1780.94,810.22,0.11,12
C11431,1478.53,0.75,720.62,487.6,357.08,148.65,0.17,0.62,0.77,0.19,11,8,3227.85,773.85,211.36,0.83,12
C11432,195.94,0.37,0.0,0.0,0.0,242.24,0.41,0.49,0.63,0.18,11,21,1539.61,101.74,37.31,0.12,7
C11433,357.83,0.56,11.99,4.42,2.39,68.89,0.68,0.77,0.28,0.15,10,48,1438.64,303.38,106.19,0.03,11
C11434,289.95,0.23,49.76,16.07,16.59,0.0,0.86,0.39,0.85,0.06,0,0,2178.8,181.68,40.45,0.02,12
C11435,3623.09,0.84,230.36,105.76,68.04,704.27,0.35,0.47,0.84,0.38,14,39,4583.31,3522.27,398.09,0.01,11
C11436,701.82,0.7,0.0,0.0,0.0,123.95,0.67,0.2,0.17,0.09,3,59,1222.68,588.08,63.72,0.14,12
C11437,901.95,0.37,790.72,434.92,391.91,116.15,0.17,0.12,0.12,0.07,10,41,2618.94,509.99,257.04,0.41,12
C11438,1920.01,0.68,200.5,126.59,46.29,2895.5,0.9,0.03,0.6,0.73,10,17,3592.48,967.84,215.8,0.22,11
C11439,2701.12,0.55,306.57,156.77,79.62,1934.25,0.58,0.73,0.23,0.81,1,17,5102.33,1420.0,761.46,0.16,10
C11440,319.68,0.86,52.44,26.43,16.02,110.9,0.77,0.47,0.33,0.18,5,20,1305.04,279.19,63.28,0.26,10
C11441,685.29,0.99,79.28,34.13,35.85,91.62,0.4,0.94,0.94,0.15,5,8,1477.76,624.04,135.36,0.26,12
C11442,155.64,0.3,36.27,20.33,15.22,37.78,0.94,0.18,0.18,0.19,4,35,1731.69,116.28,23.36,0.05,12
C11443,191.42,0.59,104.37,69.24,19.02,0.0,0.72,0.24,0.47,0.17,7,46,1289.46,106.28,28.52,0.01,10
C11444,297.37,0.41,10.43,4.61,4.03,126.34,0.15,0.64,0.29,0.09,5,30,1245.23,343.25,38.72,0.21,11
C11445,1273.66,0.8,368.53,163.09,165.77,119.63,0.55,0.05,0.35,0.13,11,2,2850.19,998.55,295.94,0.51,12
C11446,3012.05,0.23,67.92,29.7,26.2,2103.89,0.27,0.5,0.37,0.78,1,51,6121.47,2411.19,706.89,0.12,12
C11447,607.47,0.64,1027.91,401.88,160.02,96.45,0.83,0.12,0.26,0.04,3,24,3334.48,465.94,111.05,0.36,12
C11448,835.56,0.89,833.31,438.89,262.96,88.49,0.78,0.16,0.76,0.0,10,30,3671.92,452.56,135.56,0.72,12
C11449,100.62,0.51,58.27,19.94,25.37,50.04,0.49,0.51,0.81,0.06,6,30,1934.51,100.35,21.02,0.13,12
C11450,3001.9,0.87,3431.27,2175.15,611.61,36.54,0.3,0.57,0.54,0.09,8,38,7151.81,2897.93,518.88,0.25,12
C11451,443.6,0.32,703.25,249.72,221.81,132.41,0.85,0.21,0.9,0.12,1,1,4636.39,272.87,113.58,0.46,8
C11452,2521.53,0.93,165.55,61.18,60.89,2851.18,0.85,0.27,0.14,0.86,5,14,5327.68,1734.83,167.15,0.12,12
C11453,1740.34,0.83,93.94,30.76,33.27,2568.46,0.51,0.28,0.51,0.34,6,35,4871.74,1536.44,479.73,0.15,12
C11454,70.53,0.51,0.0,0.0,0.0,31.07,0.72,0.14,0.83,0.13,0,23,500.0,53.87,12.77,0.16,10
C11455,144.35,0.3,42.91,25.88,9.05,89.6,0.29,0.97,0.62,0.16,10,7,1613.31,173.01,25.59,0.07,12
C11456,362.04,0.62,108.16,71.82,34.7,173.96,0.35,0.69,0.99,0.05,1,55,1073.57,306.84,53.49,0.23,12
C11457,1011.71,0.74,344.33,163.11,63.19,116.53,0.94,0.11,0.6,0.16,18,14,2194.54,1130.65,185.21,0.71,12
C11458,3149.06,0.3,70.7,27.86,16.51,2109.26,0.74,0.36,0.96,0.34,0,13,4502.07,2025.57,330.91,0.19,12
C11459,499.91,0.95,870.69,513.94,231.63,124.68,0.07,0.17,0.1,0.08,3,59,5109.03,444.6,87.15,0.49,12
C11460,4052.43,0.81,4399.94,2531.1,463.97,209.15,0.46,0.23,0.04,0.11,10,13,6967.89,2939.05,606.07,0.03,12
C11461,1108.75,0.96,583.61,334.21,177.52,139.23,0.4,0.94,0.36,0.0,0,33,2124.95,1279.67,136.93,0.33,12
C11462,268.62,0.44,0.0,0.0,0.0,120.82,0.23,0.14,0.84,0.14,12,31,1726.55,237.95,27.68,0.22,12
C11463,406.55,0.55,0.0,0.0,0.0,151.08,0.99,0.88,0.05,0.17,7,58,1040.58,389.37,107.76,0.1,10
C11464,4982.72,0.39,4920.53,1598.12,1031.93,87.36,0.14,0.84,0.25,0.0,0,57,9445.96,2756.51,1308.18,0.28,12
C11465,4006.4,0.42,3998.47,1599.41,804.49,114.73,0.31,0.74,0.99,0.17,12,29,7798.62,3370.9,686.21,0.25,12
C11466,1140.31,0.32,506.39,339.67,154.99,60.88,0.85,0.5,0.64,0.03,1,2,2593.59,1032.7,123.0,0.84,12
C11467,265.96,0.3,57.84,18.32,16.33,0.0,0.13,0.26,0.39,0.17,12,48,1529.42,187.05,43.24,0.19,12
C11468,3217.25,0.74,2280.39,959.22,1014.3,127.43,0.38,0.83,0.08,0.11,13,38,11023.34,3265.62,905.37,0.18,8
C11469,124.75,0.33,122.59,47.89,43.61,127.73,0.63,0.83,0.76,0.07,6,2,1125.28,103.12,30.55,0.09,12
C11470,2061.36,0.31,89.26,31.43,23.16,1935.21,0.34,0.53,0.93,0.78,12,8,5453.0,1840.62,519.24,0.02,11
C11471,186.12,0.63,98.46,65.95,25.04,182.87,0.41,0.05,0.74,0.12,0,17,1782.55,140.09,42.01,0.24,12
C11472,298.69,0.76,86.82,30.42,27.69,42.27,0.55,0.19,0.12,0.01,17,50,1501.13,290.79,69.0,0.14,11
C11473,1133.36,0.82,1412.96,700.47,284.5,0.0,0.95,0.06,0.53,0.15,18,16,3497.29,648.53,99.06,0.43,12
C11474,1619.31,0.66,1089.82,692.91,293.31,44.23,0.87,0.18,0.4,0.04,3,53,2864.71,1383.47,221.38,0.51,12
C11475,912.23,0.36,234.23,70.63,50.13,0.0,0.11,0.51,0.9,0.18,10,4,3625.96,1028.03,235.35,0.84,12
C11476,1740.47,0.66,1036.45,355.93,317.35,127.04,0.57,0.85,0.76,0.03,8,30,,1156.77,164.16,0.41,12
C11477,1739.43,0.7,277.27,121.1,88.35,3096.11,0.65,0.65,0.8,0.38,15,57,4664.35,1927.13,119.66,0.05,10
C11478,1501.11,0.41,1169.45,419.84,513.07,178.78,0.33,0.6,0.41,0.1,4,38,4285.84,1680.55,392.69,0.8,12
C11479,807.75,0.32,1022.46,381.44,204.97,177.1,0.26,0.75,0.02,0.11,7,30,3951.38,534.17,198.05,0.44,12
C11480,325.48,0.94,377.84,202.7,174.52,26.0,0.6,0.64,0.76,0.11,7,23,2028.51,181.13,29.14,0.86,11
C11481,165.93,0.28,40.84,15.04,12.83,35.35,0.41,0.44,0.63,0.09,16,35,1168.62,171.75,30.2,0.21,11
C11482,1244.55,0.42,963.19,535.09,376.35,142.76,0.91,0.82,0.14,0.14,10,15,2927.08,1457.38,75.2,0.46,12
C11483,448.93,0.39,136.89,91.2,47.18,178.39,0.16,0.31,0.76,0.03,15,31,1501.34,304.82,39.11,0.16,10
C11484,1669.42,0.91,1072.66,420.24,462.98,0.0,0.04,0.93,0.15,0.16,1,3,3011.44,1901.65,190.84,0.31,9
C11485,285.05,0.6,37.81,14.55,13.81,122.53,0.9,0.12,0.74,0.01,1,14,1103.79,184.06,64.42,0.02,12
C11486,1569.08,0.97,68.92,20.99,7.2,1667.26,0.9,0.64,0.71,0.41,18,43,4263.98,1179.18,198.07,0.11,11
C11487,1409.96,0.86,906.87,277.38,232.26,56.12,0.42,0.5,0.01,0.15,1,55,3118.53,1579.34,356.18,0.56,12
C11488,2462.93,0.8,145.49,66.73,69.16,2771.65,0.75,0.43,0.77,0.51,13,25,4680.95,1755.68,137.64,0.29,11
C11489,1156.21,0.34,1572.82,779.52,441.3,340.78,0.85,0.43,0.41,0.06,2,40,,1189.72,59.06,0.69,11
C11490,379.58,0.48,33.03,12.32,14.25,80.89,0.25,0.04,0.51,0.17,10,27,2222.66,228.84,47.43,0.25,12
C11491,3662.93,0.86,4135.81,1775.07,1851.12,0.23,0.65,0.75,0.96,0.14,16,7,10636.37,2802.64,852.5,0.11,12
C11492,1698.97,0.99,1029.76,366.72,239.97,58.92,0.74,0.35,0.92,0.19,9,57,2904.83,1968.29,489.11,0.74,8
C11493,3569.36,0.9,1704.29,975.7,755.15,105.29,0.36,0.48,0.38,0.0,5,27,8476.77,2350.06,459.95,0.15,12
C11494,1203.1,0.96,905.56,414.0,227.27,46.38,0.95,0.85,0.71,0.16,3,6,2554.23,1192.5,227.66,0.63,12
C11495,265.3,0.71,1549.55,920.02,170.67,26.01,0.97,0.58,0.51,0.12,7,0,2597.36,303.42,16.01,0.74,12
C11496,1890.76,0.59,284.95,148.21,107.64,2558.73,0.49,0.85,0.82,0.74,18,12,7011.53,1984.29,95.13,0.07,11
C11497,1505.33,0.61,1246.47,562.06,533.63,131.65,0.08,0.14,0.32,0.09,11,40,2612.73,1751.59,81.2,0.4,12
C11498,487.55,0.57,0.0,0.0,0.0,86.45,0.92,0.28,0.47,0.06,9,19,1777.33,565.87,36.24,0.12,11
C11499,5169.44,0.32,4593.31,1391.16,777.94,29.47,0.52,0.23,0.11,0.18,13,31,10925.39,2995.92,1388.44,0.26,7
C11500,3323.12,0.44,3281.38,1890.55,1135.73,46.4,0.14,0.89,0.93,0.07,10,9,8009.22,3061.14,699.01,0.16,12
C11501,1200.79,0.27,184.03,82.52,72.75,2442.08,0.73,0.78,0.9,0.59,8,54,5755.51,959.22,329.71,0.07,12
C11502,969.99,0.27,1073.27,542.47,388.45,20.05,0.69,0.83,0.28,0.07,3,58,5095.47,948.57,250.96,0.55,12
C11503,942.6,0.45,927.39,472.38,224.72,43.43,0.14,0.57,0.58,0.19,8,56,2476.54,961.25,227.43,0.67,9
C11504,4617.77,0.73,2672.64,1398.77,661.03,151.49,0.27,0.22,0.38,0.11,5,37,7725.09,3101.6,639.22,0.04,12
C11505,1340.37,0.69,1341.3,779.24,428.73,81.57,0.86,0.38,0.16,0.06,6,5,2739.12,1420.66,111.93,0.8,12
C11506,2869.89,0.65,4542.35,1563.74,805.62,0.0,0.97,0.55,0.05,0.16,6,7,8774.57,2257.0,217.66,0.25,12
C11507,1619.71,0.8,1375.82,681.84,603.26,182.0,0.41,0.02,0.82,0.01,1,5,3963.29,1554.46,91.11,0.54,12
C11508,561.04,0.54,52.72,17.57,7.43,133.34,0.13,0.64,0.29,0.02,10,29,849.93,448.49,52.99,0.17,12
C11509,4393.16,0.55,1895.2,746.07,558.36,0.0,0.35,0.85,0.52,0.17,2,53,9590.51,3260.96,240.68,0.08,12
C11510,575.74,0.61,52.29,19.64,23.2,70.77,0.51,0.33,0.9,0.06,8,47,910.42,567.53,127.79,0.12,12
C11511,272.08,0.25,81.72,44.09,25.48,36.63,0.3,0.68,0.02,0.04,17,30,2238.94,239.25,40.05,0.06,8
C11512,1535.88,0.67,939.02,509.36,379.72,154.15,0.61,0.48,0.55,0.12,16,44,4970.11,1684.94,279.59,0.41,12
C11513,5136.86,0.8,2510.44,1587.5,491.62,70.27,0.01,0.0,0.96,0.05,19,28,10462.33,5394.76,871.79,0.25,9
C11514,3147.2,0.41,130.29,66.29,36.25,2423.99,0.82,0.28,0.81,0.65,2,37,2669.95,3486.58,380.36,0.06,12
C11515,398.05,0.88,0.0,0.0,0.0,84.86,0.84,0.53,0.22,0.16,16,34,2591.05,412.39,31.3,0.02,12
C11516,144.26,0.41,75.53,49.52,34.39,0.0,0.78,0.72,0.2,0.18,16,36,2499.28,164.71,26.77,0.04,12
C11517,2831.57,0.61,167.51,59.2,59.84,2624.69,0.3,0.4,0.76,0.55,6,27,4578.9,1726.31,753.02,0.28,8
C11518,470.13,0.9,51.3,30.19,10.11,152.99,0.63,0.19,0.08,0.18,7,44,2087.63,445.84,111.62,0.11,9
C11519,199.2,0.79,39.62,17.08,6.28,40.21,0.37,0.06,0.6,0.07,3,36,1349.06,111.09,56.35,0.19,9
C11520,259.78,0.66,0.0,0.0,0.0,115.35,0.39,0.71,0.23,0.13,19,16,865.76,220.75,36.11,0.01,11
C11521,790.81,0.7,799.03,547.49,256.98,177.93,0.71,0.37,0.84,0.18,10,56,3315.93,872.22,206.74,0.85,10
C11522,2944.79,0.29,156.0,59.68,27.07,1158.19,0.84,0.65,0.38,0.43,5,29,3450.16,2968.1,679.19,0.22,6
C11523,4910.37,0.76,3610.33,2403.83,1062.41,224.54,0.83,0.22,0.41,0.2,1,36,9959.41,4458.86,1403.14,0.02,12
C11524,4014.72,0.69,5989.82,3770.51,901.64,333.43,0.23,0.75,0.79,0.17,10,31,12000.06,3957.67,489.56,0.09,12
C11525,260.29,0.27,0.0,0.0,0.0,89.91,0.66,0.34,0.09,0.01,18,19,1617.61,161.72,65.31,0.1,12
C11526,1149.94,0.3,1075.76,574.88,503.45,53.4,0.27,0.05,0.6,0.1,7,4,3322.05,1324.23,203.59,0.82,12
C11527,1247.17,0.98,996.13,531.82,316.62,20.85,0.63,0.51,0.96,0.06,15,12,4000.92,809.07,198.53,0.4,11
C11528,319.51,0.34,45.9,21.16,9.16,0.0,0.37,0.73,0.65,0.18,6,57,1637.28,197.1,53.18,0.26,12
C11529,237.14,0.92,71.51,32.92,32.36,199.85,0.79,0.93,0.08,0.19,19,57,1297.77,141.81,37.5,0.11,12
C11530,379.51,0.42,49.45,31.66,24.71,71.72,0.94,0.97,0.91,0.11,12,9,742.75,438.47,102.19,0.18,8
C11531,156.98,0.52,41.69,18.97,18.92,170.03,0.29,0.46,0.13,0.01,17,34,1979.45,129.13,44.91,0.16,12
C11532,1584.94,0.64,1267.23,626.87,505.67,186.12,0.87,0.61,0.37,0.07,12,15,4090.86,1383.89,341.95,0.75,12
C11533,4071.61,0.7,4397.9,3072.19,2132.22,13.52,0.74,0.56,0.18,0.04,8,34,9009.9,3116.07,399.81,0.13,11
C11534,124.7,0.6,106.11,46.87,18.99,25.53,0.57,0.53,0.72,0.11,0,39,1452.04,64.73,19.35,0.07,6
C11535,667.15,0.48,1007.42,633.71,454.43,239.57,0.52,0.11,0.26,0.2,6,1,2433.48,364.71,92.67,0.74,12
C11536,3235.75,0.6,3836.44,1576.31,934.16,94.39,0.32,0.67,0.26,0.07,4,57,10361.25,1653.57,704.57,0.29,11
C11537,3774.39,0.76,3655.25,1133.23,412.66,47.18,0.2,0.97,0.41,0.15,16,55,7067.46,3311.26,255.1,0.29,12
C11538,4193.16,0.52,3046.68,1637.2,344.13,16.39,0.08,0.13,0.29,0.17,11,57,6835.84,2664.5,895.37,0.25,6
C11539,765.93,0.64,798.77,392.79,139.89,88.68,0.71,0.31,0.78,0.17,11,28,3604.29,598.56,127.68,0.36,8
C11540,3966.56,0.5,4422.39,2718.31,1821.12,220.63,0.22,0.08,0.53,0.03,19,43,11684.41,3261.42,457.19,0.01,12
C11541,262.69,0.46,69.98,21.11,32.1,154.84,0.5,0.4,0.56,0.05,17,59,1333.62,229.28,17.31,0.06,12
C11542,1287.95,0.44,787.9,258.61,119.12,114.54,0.89,0.48,0.16,0.04,13,11,3283.77,1448.9,81.46,0.43,12
C11543,460.7,0.38,45.41,29.24,19.9,227.08,0.67,0.36,0.91,0.06,6,10,1548.36,244.29,125.79,0.05,12
C11544,483.78,0.81,1044.5,514.24,420.09,211.66,0.17,0.48,0.35,0.01,2,48,4059.12,409.26,93.94,0.81,10
C11545,1574.45,0.99,795.7,399.88,96.19,126.73,0.73,0.8,0.38,0.11,10,19,3999.16,932.55,295.83,0.58,8
C11546,186.73,0.22,115.6,45.09,45.38,322.09,0.21,0.21,0.24,0.15,19,10,1386.32,214.48,10.15,0.14,11
C11547,4508.67,0.36,3411.97,2287.28,393.58,80.21,0.78,0.76,0.96,0.05,9,12,9776.3,5149.9,1094.47,0.2,10
C11548,573.86,0.97,70.16,46.71,14.39,187.84,0.08,0.79,0.61,0.13,19,41,1366.83,343.14,58.91,0.17,12
C11549,298.45,0.47,0.0,0.0,0.0,68.56,0.14,0.58,0.06,0.11,3,22,1087.22,173.74,43.53,0.17,12
C11550,440.01,0.51,51.24,19.84,23.76,172.23,0.93,0.32,0.19,0.02,1,18,500.0,253.85,93.13,0.26,10
C11551,464.82,0.73,686.02,475.49,97.51,80.13,0.28,0.94,0.48,0.05,10,58,3617.44,264.32,38.87,0.48,12
C11552,273.05,0.48,50.8,33.38,12.16,136.91,0.15,0.36,0.19,0.05,7,58,1599.52,166.74,68.04,0.04,12
C11553,900.5,0.59,528.8,268.93,174.91,291.21,0.21,0.05,0.61,0.1,1,24,1731.72,548.39,233.07,0.34,9
C11554,465.98,0.92,80.25,44.18,31.79,176.15,0.36,0.14,0.31,0.13,18,13,930.34,286.32,83.82,0.16,12
C11555,4408.57,0.65,3777.08,1797.39,1760.71,138.15,0.84,0.89,0.35,0.06,7,49,9658.75,2662.79,623.17,0.15,12
C11556,2508.65,0.73,190.91,73.01,54.9,2163.9,0.15,0.15,0.79,0.74,5,45,5099.24,1917.97,283.41,0.16,12
C11557,1320.39,0.37,744.92,426.53,325.05,115.06,0.02,0.45,0.52,0.05,10,45,3381.5,894.86,305.0,0.69,12
C11558,1263.32,0.41,918.82,521.57,318.65,19.36,0.86,0.69,0.11,0.01,16,12,2811.01,1000.49,170.73,0.31,12
C11559,2214.89,0.91,38.83,20.15,7.05,2330.64,0.3,0.57,0.37,0.89,2,17,5575.6,2493.12,559.0,0.28,12
C11560,2217.69,0.93,19.4,12.14,6.44,2413.36,0.08,0.65,0.9,0.42,7,4,6668.08,1655.23,516.97,0.01,12
C11561,1516.45,0.85,1037.31,498.67,233.94,85.63,0.03,0.35,0.85,0.13,15,34,3382.46,1062.32,209.62,0.52,10
C11562,3497.88,0.3,82.6,53.22,31.51,2549.35,0.9,0.66,0.76,0.49,13,2,4810.95,3987.75,375.05,0.18,12
C11563,3068.47,0.85,49.34,19.09,10.55,1209.66,0.52,0.01,0.84,0.76,3,51,7886.23,2225.02,427.85,0.01,10
C11564,4525.45,0.22,4656.7,3188.55,955.26,111.97,0.61,0.26,0.09,0.02,0,18,5551.86,2649.22,613.53,0.02,12
C11565,144.69,0.68,850.73,325.01,406.77,145.24,0.62,0.12,0.12,0.12,14,36,3305.17,135.04,41.84,0.48,12
C11566,244.56,0.74,45.76,16.66,21.21,52.92,0.52,0.46,0.02,0.15,4,9,2384.68,170.52,50.58,0.21,8
C11567,369.47,0.54,66.14,35.81,18.57,78.23,0.77,0.15,0.13,0.16,0,15,1791.23,319.22,79.21,0.16,12
C11568,1390.2,0.58,1379.77,465.3,560.45,13.76,0.91,0.55,0.82,0.15,17,16,3300.89,1442.46,168.06,0.43,7
C11569,990.03,0.79,763.13,280.2,376.09,61.73,0.64,0.18,0.04,0.13,13,51,3987.08,886.96,139.67,0.44,10
C11570,1795.89,0.92,190.54,112.72,25.81,91.65,0.84,0.41,0.47,0.16,9,58,3257.54,1914.66,299.09,0.68,12
C11571,1016.05,0.35,876.03,370.79,300.01,0.0,0.01,0.07,0.25,0.15,8,33,5848.27,753.19,298.9,0.31,12
C11572,1368.35,0.31,1412.39,875.75,284.45,146.15,0.48,0.44,0.83,0.19,17,6,3723.98,845.74,296.79,0.56,11
C11573,2767.72,0.7,3062.15,1109.18,1286.12,181.77,0.6,0.81,0.8,0.0,15,58,8843.26,2148.49,244.98,0.21,12
C11574,96.09,0.38,49.26,22.37,6.92,99.37,0.2,0.32,0.77,0.03,10,17,1344.7,75.75,28.61,0.01,12
C11575,334.91,0.36,29.11,13.23,12.09,0.0,0.16,0.71,0.38,0.12,11,39,2402.15,335.3,39.29,0.13,12
C11576,3850.59,0.36,2995.87,1474.44,539.99,79.76,0.14,0.43,0.93,0.08,10,13,11452.73,3776.61,791.04,0.23,12
C11577,5045.6,0.36,4699.8,2181.45,1327.26,0.0,0.28,0.23,0.9,0.07,7,26,9299.72,3615.47,1356.21,0.25,12
C11578,2616.51,0.58,0.0,0.0,0.0,1061.87,0.82,0.3,0.65,0.78,10,2,5467.51,3010.37,533.61,0.16,12
C11579,2750.0,0.97,131.24,56.61,16.67,2786.11,0.03,0.3,0.61,0.75,13,26,3822.48,1905.51,774.07,0.17,12
C11580,1691.79,0.86,177.14,54.21,83.48,2747.5,0.6,0.74,0.34,0.59,12,40,7350.96,2025.96,443.29,0.04,12
C11581,282.44,0.63,3.48,1.9,0.65,34.69,0.07,0.2,0.74,0.01,7,52,2690.16,147.68,16.59,0.09,12
C11582,1330.02,0.26,690.05,337.71,207.22,166.37,0.59,0.98,0.94,0.09,16,57,4104.34,1292.27,294.87,0.42,12
C11583,652.85,0.74,53.21,23.91,20.96,43.85,0.25,0.69,0.32,0.12,7,58,1812.58,609.86,150.29,0.23,12
C11584,1121.64,0.56,1205.43,463.57,180.09,37.73,0.16,0.4,0.29,0.06,14,58,3166.45,1020.07,160.34,0.51,11
C11585,2592.8,0.82,89.45,58.73,30.72,2311.31,0.47,1.0,0.26,0.33,8,24,5848.7,2710.5,719.2,0.29,12
C11586,205.86,0.6,37.82,14.95,11.58,130.27,0.23,0.22,0.98,0.11,18,15,792.86,188.08,51.51,0.29,12
C11587,1038.96,0.73,409.21,273.5,136.81,174.74,0.38,0.76,0.54,0.18,14,9,2568.7,963.06,147.29,0.78,8
C11588,205.07,0.36,0.0,0.0,0.0,139.57,0.63,0.27,0.97,0.02,14,9,1064.31,228.47,21.69,0.01,12
C11589,216.29,0.87,143.73,98.97,38.56,112.94,0.94,0.54,0.62,0.06,12,2,2133.75,136.42,22.31,0.1,12
C11590,447.79,0.82,50.84,23.79,11.16,201.12,0.62,0.05,0.29,0.01,3,42,1234.34,390.39,47.08,0.29,12
C11591,453.92,0.5,92.03,47.22,15.97,252.43,0.51,0.85,0.59,0.07,18,19,1564.0,453.23,89.56,0.13,12
C11592,3191.13,0.97,247.25,103.73,117.6,3309.27,0.56,0.37,0.16,0.65,14,30,6005.16,2283.3,672.34,0.09,12
C11593,1503.06,0.33,722.43,488.13,188.23,97.17,0.47,0.58,0.45,0.06,0,20,3548.99,982.46,131.09,0.54,12
C11594,4454.76,0.22,4158.76,1717.69,885.36,96.54,0.56,0.93,0.44,0.08,5,32,10557.01,2629.34,833.63,0.04,9
C11595,3405.86,0.81,4812.76,2849.56,582.43,65.66,0.57,0.03,0.58,0.19,3,25,8601.38,2329.2,383.4,0.28,11
C11596,471.46,0.68,42.05,12.96,16.84,178.48,0.49,0.97,0.39,0.07,2,35,2070.01,455.55,130.88,0.24,12
C11597,705.3,0.29,112.06,58.66,34.86,120.55,0.79,0.53,0.46,0.11,9,8,1020.25,656.26,186.25,0.12,10
C11598,2636.72,0.33,3928.89,2344.1,693.0,254.04,0.39,0.78,0.88,0.19,15,54,10029.24,1635.36,208.05,0.24,12
C11599,237.64,0.3,87.97,42.96,40.24,188.02,0.11,0.47,0.18,0.1,13,29,1829.77,200.52,26.87,0.23,12
C11600,2614.9,0.33,172.3,96.03,81.59,1995.02,0.64,0.82,0.92,0.7,18,41,4459.45,1698.74,748.2,0.17,11
C11601,197.67,0.57,9.27,5.63,4.19,4.07,0.8,0.88,0.54,0.03,1,56,1203.75,228.34,24.66,0.23,12
C11602,4327.8,0.24,3094.14,1547.37,1003.7,35.51,0.78,0.38,0.63,0.18,12,5,8928.1,4357.64,1099.07,0.15,12
C11603,4464.96,0.62,3516.6,1361.76,876.73,42.1,0.25,0.72,0.1,0.18,5,13,7535.05,2774.21,279.58,0.25,11
C11604,0.0,0.68,0.0,0.0,0.0,205.85,0.65,1.0,0.15,0.05,0,32,993.34,0.0,0.0,0.24,6
C11605,318.48,0.78,57.07,33.8,14.32,22.63,1.0,0.76,0.73,0.12,19,41,1698.89,349.43,64.88,0.27,12
C11606,4242.48,0.96,41.93,17.12,14.46,1860.93,0.1,0.96,0.9,0.59,2,28,4524.02,3775.74,635.89,0.24,12
C11607,490.68,0.27,67.67,37.41,12.9,10.29,0.52,0.74,0.52,0.05,6,2,1986.45,367.61,121.52,0.28,9
C11608,1058.46,0.23,876.82,315.06,250.41,320.24,0.31,0.33,0.17,0.18,10,41,4947.99,972.61,312.22,0.35,7
C11609,1003.11,0.31,862.91,579.97,284.1,88.62,0.79,0.83,0.8,0.08,7,38,3858.56,775.04,178.94,0.4,12
C11610,261.29,0.47,60.61,32.8,23.79,142.39,0.32,0.67,0.92,0.04,3,0,500.0,297.34,43.35,0.14,12
C11611,4573.88,0.62,3669.77,1788.31,501.07,8.75,0.73,0.03,0.67,0.1,4,56,9330.06,5083.77,1034.28,0.07,12
C11612,3047.73,0.2,3598.19,2247.46,1607.67,176.74,0.16,0.17,0.18,0.17,13,53,11899.43,1866.03,726.66,0.27,12
C11613,1706.38,0.75,944.36,584.44,266.72,0.0,0.07,0.26,0.41,0.17,0,16,4047.22,1662.38,110.83,0.89,12
C11614,4680.69,0.97,4182.92,1417.71,1391.96,21.68,0.1,0.74,0.94,0.13,1,36,9069.24,5084.69,746.09,0.14,12
C11615,438.38,0.4,99.73,42.17,47.49,41.49,0.26,0.8,0.19,0.16,5,48,1398.65,284.01,76.69,0.16,12
C11616,4.97,0.21,18.28,8.84,3.06,117.51,0.85,0.83,0.17,0.16,19,26,1621.17,5.51,0.63,0.26,12
C11617,976.74,0.8,327.3,142.77,148.53,36.55,0.15,0.07,0.7,0.19,3,4,3465.32,775.23,234.19,0.55,12
C11618,2934.84,0.82,114.52,48.89,48.3,1657.99,0.03,0.07,0.54,0.51,13,24,4517.79,2099.61,797.53,0.29,7
C11619,443.38,0.23,64.23,28.32,31.96,140.26,0.85,0.3,0.2,0.12,7,21,1666.25,527.11,115.87,0.09,12
C11620,400.91,0.69,42.26,15.08,10.87,44.83,0.37,0.68,0.62,0.18,10,48,1640.08,393.54,83.57,0.05,10
C11621,1159.11,0.39,733.31,255.02,110.54,179.81,0.59,0.84,0.94,0.07,4,0,2439.7,815.26,288.1,0.33,12
C11622,4148.84,0.71,3130.29,1265.03,330.78,68.54,0.08,0.87,0.86,0.1,18,56,8866.74,3612.74,448.73,0.26,12
C11623,244.79,0.78,33.82,11.1,14.11,52.77,0.91,0.21,0.01,0.17,8,21,1478.21,232.65,13.81,0.05,11
C11624,1192.14,0.38,625.65,315.38,96.75,171.67,0.5,0.77,0.88,0.2,0,23,4421.94,1190.18,212.63,0.72,12
C11625,4516.01,0.41,2677.37,967.21,595.46,0.0,0.09,0.64,0.63,0.08,5,18,11607.44,2919.93,688.68,0.09,12
C11626,1575.96,0.69,1310.82,428.67,648.76,158.79,0.63,0.93,0.27,0.12,6,1,3170.51,1468.2,426.19,0.46,12
C11627,412.91,0.67,75.23,47.76,20.83,42.95,0.37,0.77,0.09,0.17,18,41,1453.94,451.35,102.1,0.11,12
C11628,74.29,0.91,102.6,54.89,19.75,42.83,0.35,0.53,0.97,0.1,0,44,1719.11,78.94,10.81,0.05,12
C11629,1646.65,0.61,328.5,216.59,131.82,256.65,0.41,0.78,0.03,0.08,5,17,3758.97,1162.52,89.51,0.3,9
C11630,1016.84,0.84,457.64,317.31,95.47,57.5,0.51,0.31,0.18,0.01,3,7,4451.73,1198.99,120.72,0.55,12
C11631,2104.98,0.79,74.27,39.91,23.2,1739.35,0.62,0.79,0.67,0.7,3,49,5585.81,1071.04,294.93,0.13,12
C11632,810.99,0.73,1240.47,767.1,202.11,122.34,0.15,0.78,0.76,0.07,19,41,2753.14,847.73,177.57,0.79,12
C11633,3360.27,0.35,4750.41,1728.28,1350.7,130.64,0.75,0.86,0.27,0.08,15,17,7847.78,2426.04,926.83,0.28,12
C11634,1805.23,0.42,147.63,85.53,21.18,1502.27,0.03,0.24,0.74,0.78,18,40,6113.71,2091.98,,0.22,12
C11635,817.21,0.65,910.83,473.47,372.74,75.78,0.7,0.85,0.77,0.03,16,13,3203.23,901.17,201.42,0.79,12
C11636,1658.44,0.25,911.13,519.85,224.19,222.24,0.18,0.17,0.8,0.01,17,38,2576.59,1852.17,385.0,0.38,6
C11637,3154.28,0.24,57.53,19.67,13.09,742.5,0.45,0.77,0.75,0.67,11,29,5160.51,2133.26,436.2,0.15,12
C11638,295.61,0.24,0.0,0.0,0.0,60.03,0.56,0.93,0.03,0.0,10,11,1956.27,312.6,15.98,0.1,10
C11639,3698.72,0.94,4395.66,2052.75,1898.4,16.33,0.65,0.04,0.89,0.19,6,39,9052.92,2710.64,215.18,0.15,11
C11640,5994.19,0.75,2508.91,1531.24,806.79,53.24,0.79,0.63,0.56,0.05,1,10,5925.61,4873.55,1227.68,0.03,11
C11641,539.18,0.87,19.39,13.5,9.26,178.52,0.52,0.66,0.43,0.17,16,53,1769.92,610.91,141.15,0.16,12
C11642,766.9,0.97,1031.99,670.1,190.46,194.3,0.88,0.82,0.02,0.08,7,6,2473.84,770.21,159.51,0.69,12
C11643,229.2,0.76,57.34,24.35,18.89,144.4,0.96,0.1,0.59,0.2,13,48,2027.18,217.37,55.79,0.17,12
C11644,43.88,0.61,42.34,19.51,19.97,0.0,0.98,0.91,0.16,0.1,19,17,2348.79,25.9,7.71,0.07,12
C11645,1301.68,0.58,671.32,375.58,220.11,160.3,0.32,0.99,0.55,0.19,7,31,2876.66,1141.31,150.62,0.86,7
C11646,398.53,0.8,77.24,39.8,17.24,204.29,0.03,0.67,0.19,0.09,2,51,1819.56,233.72,23.89,0.11,12
C11647,2888.38,0.89,2486.86,1154.2,1056.07,113.88,0.72,0.43,0.69,0.14,7,58,10780.31,1595.88,734.62,0.16,12
C11648,2764.93,0.86,248.88,139.71,38.71,1215.58,0.25,0.64,0.09,0.63,19,29,4576.2,3214.52,466.05,0.1,12
C11649,4056.11,0.59,2941.62,1952.68,473.01,0.0,0.77,0.05,0.6,0.09,0,17,8302.88,3710.04,1091.57,0.21,9
C11650,409.68,0.82,0.0,0.0,0.0,154.78,0.01,0.75,0.64,0.05,5,44,1352.02,206.6,58.4,0.18,12
C11651,466.94,0.58,34.88,12.25,4.45,18.38,0.78,0.07,0.4,0.16,1,59,1209.47,386.78,55.56,0.03,12
C11652,447.65,0.51,0.0,0.0,0.0,184.68,0.07,0.32,0.92,0.11,15,17,2264.89,313.67,97.03,0.07,12
C11653,535.5,0.44,76.29,40.88,19.2,149.03,0.88,0.14,0.53,0.13,2,23,1455.7,325.44,107.68,0.18,11
C11654,2828.68,0.24,254.12,168.28,65.86,2765.83,0.65,0.73,0.75,0.55,5,49,5244.54,3036.26,639.45,0.16,12
C11655,1167.45,0.36,867.93,518.21,249.84,139.98,0.16,0.59,0.44,0.02,4,15,3256.43,709.25,84.96,0.54,12
C11656,399.56,0.78,69.56,31.92,27.57,67.68,0.51,0.7,0.79,0.14,0,33,1662.87,246.31,28.3,0.05,12
C11657,3536.45,0.34,5170.45,2860.98,1693.54,60.71,0.51,0.06,0.9,0.09,18,22,12052.4,2344.05,681.58,0.28,10
C11658,990.05,0.92,781.72,504.17,301.29,79.99,0.88,0.37,0.41,0.08,7,30,3369.15,988.77,185.21,0.79,9
C11659,492.19,0.26,45.7,20.06,5.48,59.14,0.53,0.41,0.97,0.19,16,35,1632.01,311.81,36.04,0.06,12
C11660,591.82,0.24,0.0,0.0,0.0,207.77,0.55,0.6,0.15,0.02,10,30,1221.37,429.04,93.24,0.22,12
C11661,1730.71,0.58,506.99,279.12,246.68,202.05,0.32,0.1,0.85,0.13,0,28,4142.9,1958.54,,0.68,12
C11662,3438.92,0.38,3765.92,1168.83,1020.96,0.0,0.73,0.65,0.53,0.01,3,22,5817.38,3079.9,637.94,0.08,12
C11663,92.25,0.28,93.73,63.27,17.71,103.07,0.05,0.39,0.14,0.14,0,3,1786.59,57.3,8.91,0.25,9
C11664,2830.88,0.25,187.96,69.03,93.39,2356.63,0.97,0.91,0.63,0.4,4,46,5656.59,3119.44,798.17,0.27,12
C11665,4274.49,0.62,232.31,104.47,61.45,2748.07,0.61,0.45,0.13,0.32,11,21,2387.64,3669.71,250.45,0.14,9
C11666,3497.94,0.41,3417.47,2318.8,996.24,135.06,0.85,0.1,0.89,0.15,2,4,9280.06,3791.62,413.26,0.19,12
C11667,308.18,0.64,57.48,19.08,10.89,216.87,0.78,0.1,0.82,0.03,7,29,1909.64,171.08,20.61,0.11,10
C11668,370.76,0.32,94.43,28.49,34.23,171.34,0.22,0.25,0.65,0.05,0,49,1184.09,227.38,44.8,0.19,12
C11669,2160.57,0.22,43.01,14.69,7.87,2419.82,0.29,0.24,0.23,0.49,16,39,4820.6,1219.15,478.19,0.22,12
C11670,440.25,0.22,0.0,0.0,0.0,42.52,0.28,0.8,0.96,0.12,7,35,762.58,368.43,24.63,0.22,12
C11671,1323.41,0.29,391.11,269.36,157.61,102.92,0.23,0.72,0.85,0.05,19,57,3287.41,1020.56,79.0,0.64,8
C11672,3259.14,0.84,3297.42,1496.5,1190.23,38.75,0.02,0.08,0.72,0.1,6,40,,2578.65,330.69,0.03,12
C11673,480.37,0.56,82.17,49.07,11.19,119.15,0.83,0.85,0.37,0.09,9,57,2001.34,363.44,27.34,0.21,10
C11674,4504.64,0.7,1819.88,1081.69,240.06,126.36,0.54,0.1,0.48,0.12,9,53,8558.14,3589.77,664.5,0.16,12
C11675,1102.86,0.9,267.58,90.96,116.92,1798.58,0.59,0.79,0.34,0.65,3,30,3650.28,845.75,118.6,0.28,12
C11676,4952.48,0.37,3179.24,1252.77,1468.25,205.08,0.49,0.11,0.85,0.18,14,4,7363.0,3029.74,646.49,0.03,8
C11677,1047.4,0.9,904.09,592.71,139.47,155.12,0.12,0.38,0.31,0.19,17,34,3040.0,940.94,271.59,0.78,12
C11678,3156.6,0.8,300.58,110.1,75.2,2137.99,0.44,0.75,0.24,0.84,17,56,5696.07,3498.83,498.9,0.04,7
C11679,1584.03,0.78,762.53,387.63,275.75,0.0,0.29,0.25,0.21,0.18,8,41,4364.09,1894.27,85.16,0.85,12
C11680,2967.4,0.9,4257.9,1693.2,1848.75,141.6,0.89,0.11,0.4,0.16,15,13,9220.21,1727.37,554.03,0.27,12
C11681,3789.13,0.3,3385.98,1771.02,1569.72,220.04,0.7,0.79,0.62,0.05,8,50,5383.09,2985.32,293.07,0.15,12
C11682,5069.1,0.63,1843.63,698.02,699.61,98.02,0.16,0.69,0.83,0.11,2,50,9124.94,3390.03,328.66,0.09,12
C11683,133.18,0.59,38.56,14.89,6.13,0.0,0.7,0.89,0.92,0.08,14,44,1537.6,119.44,17.56,0.17,12
C11684,379.26,0.73,100.67,32.09,41.01,266.78,0.55,0.64,0.08,0.16,8,9,746.95,285.3,44.76,0.11,8
C11685,301.71,0.39,61.24,42.63,27.17,139.15,0.08,0.07,0.05,0.18,7,43,1449.98,336.23,23.51,0.3,12
C11686,1543.76,0.3,955.32,329.81,229.78,113.69,0.07,0.64,0.36,0.12,1,51,3670.3,1782.49,192.36,0.41,12
C11687,667.12,0.98,847.8,395.28,252.36,6.56,0.15,0.82,0.81,0.13,4,26,3969.36,485.37,114.09,0.55,11
C11688,870.52,0.57,753.15,351.74,125.44,101.3,0.81,0.08,0.91,0.14,8,41,4429.68,652.45,98.18,0.72,9
C11689,1382.28,0.39,790.78,333.27,175.4,154.95,0.83,0.14,0.17,0.1,14,52,4306.86,1208.76,80.28,0.68,11
C11690,2818.15,0.3,3937.44,2431.75,1763.66,140.24,0.61,0.68,0.29,0.09,7,44,9413.0,2662.78,769.78,0.24,12
C11691,1439.57,0.67,200.26,87.13,27.14,1488.66,0.02,0.79,0.9,0.41,3,39,5138.57,1478.04,306.41,0.01,12
C11692,443.18,0.32,67.43,37.1,27.31,95.43,0.32,0.35,0.58,0.16,7,24,1987.23,252.63,100.45,0.03,12
C11693,5093.92,0.35,2222.25,1149.35,309.02,50.72,0.4,0.74,0.41,0.13,0,9,7221.84,2729.14,774.39,0.18,12
C11694,4041.32,0.96,3180.85,2053.59,690.4,233.13,0.28,0.17,0.24,0.03,9,16,8983.74,3939.32,781.33,0.23,11
C11695,0.0,0.22,1314.03,824.94,437.53,171.59,0.58,0.44,0.11,0.03,9,35,4418.5,0.0,0.0,0.7,12
C11696,542.89,0.35,31.28,12.11,3.17,58.05,0.06,0.75,0.11,0.08,14,44,2050.72,527.1,75.56,0.18,12
C11697,4682.59,0.74,3129.72,1877.97,1158.46,6.52,0.02,0.2,0.67,0.13,0,18,8021.43,3329.9,1207.26,0.29,8
C11698,2920.77,0.37,119.21,73.55,27.0,886.24,0.59,0.35,0.72,0.89,12,22,4304.61,1812.4,710.01,0.08,12
C11699,4498.63,0.35,2817.55,1881.21,1125.41,60.57,0.26,0.63,0.37,0.08,15,12,8912.96,2599.65,547.8,0.01,12
C11700,2379.23,0.65,160.87,110.24,78.84,2078.65,0.69,0.35,0.61,0.53,16,21,4015.79,2499.23,316.91,0.07,12
C11701,1135.14,0.76,126.57,75.28,33.74,1399.87,0.78,0.87,0.16,0.86,19,38,4118.73,887.82,108.95,0.13,12
C11702,1034.77,0.54,338.97,162.7,37.96,19.09,0.61,0.96,0.02,0.1,13,0,4369.65,577.41,181.76,0.42,12
C11703,1213.44,0.83,854.4,356.45,375.56,113.01,0.99,0.64,0.1,0.14,18,38,3191.75,816.33,306.8,0.7,12
C11704,1292.31,0.85,520.98,336.48,109.32,78.65,0.64,0.78,0.11,0.09,6,3,759.08,1425.5,246.84,0.51,12
C11705,2765.21,0.7,222.17,148.02,35.43,1940.45,0.77,0.91,0.98,0.41,2,57,5363.88,2314.7,383.46,0.17,11
C11706,319.76,0.66,109.87,37.25,49.63,147.54,0.64,0.7,0.24,0.05,0,44,1420.77,350.89,48.78,0.15,11
C11707,951.44,0.85,1456.28,759.78,281.08,7.86,0.81,0.77,0.13,0.1,18,58,3965.13,1105.32,212.31,0.61,12
C11708,2700.34,0.21,281.27,98.92,96.23,1585.6,0.39,0.08,0.8,0.73,2,22,6538.9,1476.73,482.19,0.02,12
C11709,217.93,0.61,3.87,1.55,0.78,131.85,0.43,0.82,0.37,0.09,2,24,2628.1,252.86,41.01,0.06,12
C11710,2734.44,0.3,3122.92,1415.55,1202.27,68.25,0.34,0.27,0.21,0.15,14,28,8011.85,2077.48,553.5,0.08,12
C11711,1146.88,0.38,785.07,333.23,282.23,206.52,0.58,0.07,0.22,0.05,7,10,2504.45,1134.03,269.1,0.49,12
C11712,2369.68,0.96,301.85,177.0,91.66,1728.77,0.37,0.59,0.14,0.51,10,43,6208.35,1853.54,489.14,0.06,11
C11713,2047.27,0.2,179.72,59.59,57.87,2643.69,0.99,0.23,0.08,0.54,1,8,4343.09,1904.44,452.61,0.18,12
C11714,464.91,0.45,76.3,41.62,14.56,18.45,0.6,0.08,0.68,0.07,8,50,1381.5,450.42,100.67,0.14,12
C11715,4390.31,0.32,3288.91,1751.56,357.74,45.98,0.34,0.61,0.44,0.05,16,58,8972.04,2603.85,1236.38,0.08,11
C11716,45.08,0.66,123.88,76.17,52.07,135.36,0.51,0.1,0.15,0.1,11,15,500.0,36.14,10.55,0.07,12
C11717,1614.43,0.88,607.2,205.64,276.71,15.78,0.78,0.89,0.79,0.05,4,23,2006.7,1040.69,301.32,0.35,11
C11718,2453.93,0.51,4766.75,2064.2,1959.84,112.23,0.81,0.97,0.02,0.15,3,2,7909.3,1431.9,673.58,0.21,9
C11719,2911.19,0.87,3377.01,1954.75,1293.97,0.0,0.64,0.74,0.43,0.06,13,20,6680.95,2661.87,800.87,0.14,11
C11720,216.83,0.55,55.78,32.62,16.11,100.49,0.0,0.29,0.13,0.2,14,12,1725.96,211.67,29.9,0.2,12
C11721,363.68,0.93,140.55,67.44,46.88,129.6,0.87,0.56,0.03,0.06,15,37,1911.97,247.41,91.4,0.11,12
C11722,4488.67,0.88,3632.3,1760.6,1368.11,216.92,0.91,0.03,0.55,0.07,2,47,8939.33,2267.35,1326.93,0.03,6
C11723,1038.85,0.34,930.06,638.01,102.76,119.65,0.87,0.62,0.16,0.11,7,3,2760.15,1225.35,105.66,0.5,12
C11724,900.04,0.91,850.35,366.07,229.14,34.66,0.67,0.26,0.07,0.0,1,10,4933.41,749.19,134.32,0.54,10
C11725,274.89,0.35,45.35,16.33,8.61,219.44,0.03,0.46,0.48,0.0,15,38,780.82,262.87,42.29,0.11,9
C11726,286.4,0.59,64.64,44.03,15.89,85.35,0.95,0.18,0.84,0.05,5,27,1766.71,158.28,58.04,0.18,11
C11727,2234.18,0.36,51.52,32.14,20.59,2061.9,0.07,0.99,0.49,0.59,6,52,5050.92,2087.07,649.41,0.2,12
C11728,471.68,0.51,16.18,6.39,3.97,50.97,0.15,0.21,0.08,0.15,11,47,2440.23,487.63,59.62,0.14,8
C11729,901.55,0.99,846.27,544.07,334.82,107.26,0.63,0.42,0.3,0.17,2,43,3649.51,480.68,214.96,0.65,10
C11730,1286.25,0.81,70.51,28.27,34.46,2189.34,0.46,0.25,0.45,0.81,15,58,4714.14,1114.54,314.67,0.14,10
C11731,348.44,0.64,87.14,54.99,40.9,125.78,0.75,0.54,0.28,0.1,9,25,1352.41,208.86,78.07,0.25,12
C11732,4341.98,0.95,3758.3,2072.42,1620.16,164.31,0.63,0.91,0.34,0.12,11,39,11171.96,2617.54,855.67,0.07,11
C11733,254.83,0.49,63.42,31.27,27.98,60.42,0.0,0.16,0.5,0.02,14,6,1322.57,237.09,49.17,0.14,12
C11734,1872.74,0.34,243.59,163.51,62.74,1496.05,0.64,0.14,0.94,0.86,13,5,3239.18,1748.16,225.69,0.01,9
C11735,4574.68,0.86,4803.56,2996.21,1886.04,128.55,0.86,0.07,0.8,0.19,0,14,8939.14,4060.66,385.7,0.17,12
C11736,2253.8,0.21,171.16,60.24,62.78,2156.7,0.85,0.59,0.2,0.37,1,17,4746.01,1931.77,300.92,0.12,11
C11737,393.05,0.84,24.57,14.3,12.12,0.0,0.16,0.6,0.79,0.02,16,15,2065.34,325.84,42.21,0.2,12
C11738,1496.77,0.22,867.19,534.02,286.14,128.26,0.35,0.82,0.39,0.06,17,40,3648.09,1252.58,319.05,0.77,11
C11739,5026.23,0.43,2841.35,1467.42,772.58,91.38,0.12,0.84,0.82,0.11,5,23,7928.37,3689.87,1323.33,0.13,12
C11740,359.72,0.48,66.28,27.2,28.82,89.69,0.75,0.1,0.62,0.17,0,42,1284.7,244.66,32.26,0.18,11
C11741,234.28,0.45,91.96,36.21,36.77,141.69,0.63,0.91,0.68,0.07,13,8,636.37,160.71,50.34,0.22,6
C11742,443.52,0.39,21.6,14.9,3.24,152.86,0.48,0.83,0.36,0.07,19,21,1550.28,503.69,35.69,0.25,12
C11743,2071.74,0.29,164.21,77.96,55.59,2681.63,0.3,0.65,0.71,0.48,2,34,6507.4,1422.65,300.45,0.03,12
C11744,3018.59,0.2,3276.2,1662.77,1103.83,10.19,0.79,0.35,0.57,0.17,1,59,7048.74,2300.64,281.62,0.16,12
C11745,995.63,0.82,472.47,254.79,166.62,48.91,0.79,0.75,0.62,0.09,7,21,3713.97,849.14,124.34,0.56,12
C11746,3286.78,0.57,4958.69,1687.21,2363.31,146.8,0.49,0.62,0.55,0.07,12,34,8477.33,3352.14,869.82,0.09,12
C11747,231.53,0.33,1299.28,432.03,442.81,110.91,0.12,0.35,0.06,0.04,9,29,3494.95,241.71,35.87,0.39,12
C11748,1079.23,0.27,605.19,229.52,271.13,56.02,0.47,0.01,0.47,0.03,9,0,2685.53,1084.82,83.26,0.53,12
C11749,1236.44,0.42,750.13,244.64,182.55,37.25,0.9,0.59,0.05,0.19,9,17,3741.98,880.49,123.32,0.62,11
C11750,1035.98,0.48,1531.39,1009.78,188.29,149.43,0.58,0.58,0.17,0.1,19,17,3218.45,636.26,270.3,0.54,9
C11751,353.39,0.57,76.69,27.55,19.18,82.27,0.75,0.15,0.48,0.01,5,27,1410.71,378.81,53.91,0.28,10
C11752,2801.5,0.28,132.58,51.79,41.51,1199.87,0.29,0.91,0.41,0.37,1,11,4938.53,3115.67,795.61,0.21,12
C11753,3886.37,0.98,4008.13,2063.88,1736.84,170.35,0.34,0.16,0.05,0.19,10,42,10047.78,4426.76,739.6,0.15,12
C11754,249.74,0.41,26.86,17.69,9.48,74.97,0.12,0.29,0.14,0.05,9,28,2075.1,274.92,44.15,0.16,11
C11755,974.49,0.55,500.53,159.97,138.59,175.97,0.34,0.37,0.47,0.06,5,5,3365.98,733.75,159.86,0.62,12
C11756,426.29,0.77,87.56,33.83,24.93,111.07,0.17,0.68,0.97,0.19,19,21,1558.04,258.95,103.74,0.22,12
C11757,2767.99,0.45,296.4,173.97,147.81,845.64,0.54,0.08,0.49,0.9,3,30,5248.3,2683.01,716.71,0.04,12
C11758,4299.23,0.27,332.88,168.99,52.11,1825.0,0.39,0.7,0.77,0.32,2,13,,4104.01,351.51,0.09,7
C11759,1444.14,0.5,154.03,82.84,28.06,2662.57,0.84,0.41,0.44,0.4,2,37,4519.25,972.67,219.66,0.2,12
C11760,425.91,0.64,82.13,25.2,28.75,26.66,0.38,0.18,0.19,0.15,18,45,1256.87,397.87,51.4,0.03,11
C11761,33.8,0.87,57.58,37.24,21.91,74.51,0.21,0.11,0.02,0.07,17,40,1592.11,40.52,9.29,0.2,11
C11762,286.22,0.49,26.6,14.14,6.86,109.15,0.08,0.41,0.38,0.07,19,40,2513.45,176.88,66.88,0.26,12
C11763,368.96,0.91,54.27,34.39,6.12,112.42,0.25,0.45,0.92,0.15,2,55,901.95,282.26,45.41,0.11,11
C11764,307.8,0.64,115.94,79.48,35.8,122.86,0.7,0.14,0.32,0.17,0,31,2318.86,238.16,46.81,0.07,12
C11765,501.61,0.77,6.24,3.7,0.98,45.2,0.63,0.48,0.37,0.02,7,46,1403.39,325.78,77.65,0.26,11
C11766,3058.09,0.22,191.78,59.91,23.48,1299.63,0.62,0.5,0.69,0.39,9,20,3227.31,3216.04,865.3,0.14,12
C11767,0.0,0.92,24.89,14.55,5.92,244.74,0.86,0.98,0.74,0.13,5,44,2109.02,0.0,0.0,0.25,12
C11768,421.55,0.37,33.57,17.64,5.18,71.73,0.25,0.71,0.61,0.06,12,34,2510.72,274.8,23.02,0.02,12
C11769,3919.38,0.46,3531.9,1205.85,973.39,46.91,0.47,0.01,0.34,0.13,12,52,10433.78,4313.11,911.34,0.06,7
C11770,1847.32,0.62,592.22,241.73,239.66,45.17,0.17,0.48,0.95,0.03,13,4,2836.22,1474.27,136.95,0.48,7
C11771,4182.77,0.97,3216.06,1182.02,382.13,106.84,0.22,0.02,0.35,0.16,6,54,9365.33,3704.41,868.7,0.13,10
C11772,1795.86,0.48,946.28,633.95,283.84,57.94,0.37,0.51,0.29,0.06,0,13,2318.35,1758.91,320.34,0.64,11
C11773,3303.16,0.38,128.89,79.67,38.51,2523.46,0.71,0.34,0.84,0.35,5,50,4868.73,3672.82,795.0,0.19,10
C11774,766.29,0.97,908.97,527.51,91.54,0.0,0.83,0.9,0.94,0.04,3,22,3971.68,504.82,143.71,0.85,12
C11775,1082.93,0.85,925.58,560.28,365.88,181.62,0.31,0.49,0.96,0.04,19,36,3528.07,990.49,101.59,0.77,12
C11776,4561.08,0.73,3286.26,1776.22,446.58,202.54,0.4,0.85,0.53,0.12,16,20,7662.17,4424.72,1247.41,0.22,12
C11777,819.0,0.53,254.77,163.59,120.46,227.99,0.89,0.58,0.87,0.12,19,50,4506.22,917.66,225.91,0.45,12
C11778,306.24,0.54,32.26,12.63,11.48,118.1,0.78,0.4,0.18,0.16,15,43,2527.36,318.68,47.52,0.07,11
C11779,1802.71,0.96,923.42,369.55,198.65,20.73,0.69,0.23,0.89,0.13,2,19,3751.81,2055.27,364.79,0.68,12
C11780,76.58,0.26,46.98,25.22,22.09,64.96,0.41,0.18,0.76,0.09,9,7,1160.16,42.32,14.4,0.07,12
C11781,3609.58,0.81,4171.08,2602.98,1085.25,0.0,0.34,0.79,0.4,0.16,13,57,9493.47,2879.8,662.57,0.15,11
C11782,225.7,0.68,55.67,35.31,11.36,0.0,0.72,0.88,0.25,0.0,1,58,2132.11,161.25,16.37,0.12,8
C11783,225.83,0.97,38.43,26.53,9.75,120.42,0.09,0.32,0.76,0.14,17,10,1720.62,191.51,39.18,0.1,10
C11784,445.36,0.65,111.15,67.24,38.31,143.12,0.54,0.49,0.43,0.11,16,19,1852.78,475.45,47.34,0.08,12
C11785,2730.01,0.42,4913.23,1931.38,1913.4,256.67,0.06,0.29,0.98,0.04,19,13,11611.0,2306.29,681.03,0.12,10
C11786,468.97,0.82,62.08,24.35,22.64,93.35,0.62,0.46,0.85,0.13,5,13,1005.62,246.02,122.96,0.05,11
C11787,2633.28,0.99,3629.59,1735.8,1700.44,0.0,0.57,0.87,0.79,0.2,5,9,7949.77,2553.16,143.97,0.29,7
C11788,2957.58,0.93,182.57,102.25,88.08,1838.17,0.06,0.14,0.33,0.39,12,43,3767.33,1500.1,692.62,0.09,11
C11789,17.79,0.44,136.99,69.21,24.5,77.4,0.42,0.29,0.71,0.13,15,46,1399.54,10.11,1.4,0.22,12
C11790,3706.66,0.48,3762.91,1230.43,1749.82,60.7,0.19,0.7,0.76,0.09,5,36,9386.67,3741.54,194.46,0.09,10
C11791,54.72,0.8,54.53,26.87,7.78,127.5,0.8,0.31,0.41,0.08,6,26,1434.39,59.19,2.92,0.08,6
C11792,179.52,0.68,38.54,24.16,18.61,2.84,0.91,0.08,0.09,0.06,6,58,648.37,129.74,29.89,0.14,12
C11793,3418.46,0.21,3673.59,1455.2,748.45,110.46,0.31,0.37,0.74,0.05,12,44,7740.84,3070.82,866.68,0.22,12
C11794,2409.13,0.31,111.01,61.5,22.9,1792.88,0.03,0.68,0.29,0.72,2,3,3893.15,2127.33,308.01,0.0,12
C11795,260.86,0.27,19.13,7.8,5.14,213.58,0.9,0.98,0.13,0.15,10,30,1168.6,140.58,73.34,0.05,9
C11796,1274.49,0.34,871.07,454.93,150.43,124.83,0.84,0.89,0.04,0.06,4,10,,1123.32,,0.52,12
C11797,408.49,0.44,1.81,1.05,0.78,183.45,0.8,0.56,0.33,0.11,14,24,1221.01,207.38,39.69,0.11,11
C11798,1194.71,0.97,1274.78,488.1,191.08,64.49,0.36,0.78,0.51,0.04,14,23,3033.09,1283.09,196.85,0.39,12
C11799,1324.57,0.74,1260.59,751.08,347.56,75.66,0.08,0.57,0.04,0.04,18,53,1777.44,1355.96,273.84,0.37,12
C11800,1086.79,0.24,0.0,0.0,0.0,207.83,0.97,0.49,0.56,0.12,7,49,1576.03,759.23,191.74,0.89,10
C11801,1410.13,0.69,1032.05,438.73,365.51,0.0,0.49,0.17,0.9,0.12,2,25,3602.44,964.01,225.86,0.49,12
C11802,560.63,0.55,43.68,28.74,14.98,67.75,0.36,0.29,0.6,0.1,4,46,1817.38,354.93,54.45,0.05,11
C11803,4317.63,0.8,3339.51,2044.46,1662.6,190.28,0.78,0.45,0.52,0.14,4,37,8374.45,5038.38,970.75,0.0,10
C11804,2570.62,0.91,4487.57,2281.72,489.23,83.11,0.67,0.99,0.23,0.13,0,33,7663.06,2807.25,353.72,0.26,12
C11805,3644.7,0.25,4373.16,1456.59,996.72,77.15,0.04,0.61,0.44,0.04,11,51,8413.54,3959.66,1066.6,0.09,11
C11806,0.0,0.98,74.14,35.31,11.12,78.77,0.96,0.94,0.6,0.01,13,37,1507.15,0.0,0.0,0.07,12
C11807,968.66,0.25,819.61,354.02,142.47,109.37,0.56,0.26,0.87,0.05,7,12,4836.84,1034.6,102.09,0.53,12
C11808,1391.65,0.79,1349.45,546.5,251.54,186.89,0.19,0.07,0.88,0.09,5,23,5043.15,1272.1,368.66,0.78,12
C11809,438.68,0.92,42.38,23.63,14.87,173.94,0.02,0.98,0.45,0.04,11,24,1978.22,311.3,44.82,0.16,9
C11810,117.04,0.8,36.98,24.73,7.72,100.92,0.55,0.33,0.18,0.1,3,50,1030.74,93.79,10.77,0.14,6
C11811,1421.63,0.32,1048.11,375.88,383.27,187.39,0.59,0.54,0.71,0.01,15,8,3229.02,1117.91,326.45,0.45,11
C11812,4356.91,0.37,4069.82,2428.28,1608.51,127.34,0.1,0.07,0.95,0.1,4,28,8148.46,3251.47,542.6,0.06,12
C11813,361.95,0.23,70.9,38.9,18.49,168.73,0.54,0.86,0.96,0.07,13,32,2200.51,242.36,55.86,0.22,12
C11814,4600.34,0.3,3418.45,1937.62,1075.21,17.73,0.43,0.0,1.0,0.19,13,57,9340.91,3582.61,748.77,0.27,12
C11815,1691.69,0.25,1197.09,763.83,182.96,239.08,0.44,0.91,0.25,0.18,15,47,5255.27,1555.52,415.97,0.42,12
C11816,2924.88,0.24,4449.61,2003.13,1784.54,117.62,0.98,0.17,0.84,0.19,10,15,9686.56,1864.12,566.18,0.23,12
C11817,1103.34,0.65,1475.08,784.48,394.8,0.0,0.3,0.18,0.05,0.13,3,3,3098.89,661.23,259.67,0.31,12
C11818,1623.53,0.26,1229.32,504.92,533.34,232.76,0.88,0.83,0.02,0.19,0,7,2251.71,1596.18,481.98,0.38,12
C11819,1163.19,0.54,712.32,294.67,221.17,100.4,0.34,0.39,0.67,0.04,0,3,2747.07,1010.15,264.91,0.78,12
C11820,2722.19,0.77,0.0,0.0,0.0,3174.97,0.18,0.26,0.12,0.38,2,24,6035.24,2032.16,325.88,0.09,7
C11821,2220.65,0.21,269.39,81.6,65.58,51.55,0.15,0.6,0.39,0.15,17,44,2845.51,2521.62,536.81,0.58,12
C11822,768.56,0.71,1091.21,435.66,271.39,135.16,0.94,0.25,0.01,0.1,2,39,3967.98,632.47,201.73,0.53,12
C11823,1174.12,0.81,691.13,249.26,189.79,28.93,0.02,0.29,0.09,0.04,9,42,3635.86,859.71,185.16,0.51,12
C11824,2491.39,0.63,4647.18,1616.97,1647.02,53.85,0.22,0.05,0.21,0.13,9,31,9704.21,1622.84,535.36,0.28,10
C11825,281.71,0.58,17.66,8.01,5.34,55.77,0.34,0.54,0.55,0.19,12,24,834.39,204.58,48.62,0.27,9
C11826,1124.1,0.78,661.86,226.19,279.11,76.62,0.66,0.13,0.33,0.1,2,49,3306.85,777.46,92.05,0.46,11
C11827,1126.1,0.62,820.05,296.63,99.98,58.78,0.38,0.84,0.56,0.05,1,21,3184.38,1246.33,261.48,0.58,12
C11828,2137.54,0.61,238.73,135.48,109.87,2261.03,0.02,0.75,0.65,0.58,16,35,5467.91,2403.43,343.96,0.28,12
C11829,753.63,0.84,808.27,453.06,380.22,121.68,0.52,0.29,0.0,0.02,14,16,3877.11,594.47,102.95,0.79,12
C11830,2060.09,0.87,801.41,543.36,158.38,131.44,0.88,0.53,0.85,0.16,12,21,1768.86,1406.35,343.9,0.37,9
C11831,2875.19,0.49,229.61,153.41,32.22,2708.26,0.89,0.58,0.06,0.7,2,3,5037.53,1699.94,562.14,0.2,8
C11832,1438.77,0.53,981.02,637.25,322.5,92.55,0.99,0.67,0.87,0.04,14,36,2718.14,1440.63,344.18,0.79,12
C11833,450.44,0.84,42.21,24.33,5.31,18.38,0.34,0.42,0.98,0.17,15,30,1915.12,502.4,124.85,0.26,12
C11834,386.4,0.64,5.96,2.42,1.14,244.41,0.12,0.65,0.9,0.09,16,18,1317.28,304.4,85.42,0.15,12
C11835,366.3,0.75,64.14,23.81,19.44,174.2,0.07,0.17,0.54,0.16,1,36,1721.82,407.49,109.37,0.19,10
C11836,410.4,0.26,85.19,57.91,29.44,229.03,0.87,0.47,0.77,0.16,11,7,511.57,276.3,36.68,0.05,11
C11837,1135.75,0.28,1059.58,724.59,188.31,182.76,0.75,0.09,0.17,0.14,1,51,3911.38,1051.82,100.61,0.63,12
C11838,4577.76,0.63,3065.54,1538.21,1450.29,63.17,0.63,0.94,0.94,0.19,6,1,7411.29,2548.73,1133.49,0.3,12
C11839,2818.29,0.86,2307.4,1198.38,398.09,0.0,0.5,0.4,0.02,0.18,6,32,9362.09,2520.07,587.27,0.19,12
C11840,270.35,0.45,23.37,7.06,3.77,1.67,0.46,0.62,0.55,0.03,2,16,1380.88,256.04,71.79,0.21,12
C11841,969.14,0.97,1199.12,431.0,197.77,150.92,0.49,0.49,0.46,0.07,4,9,3055.68,921.72,212.96,0.33,12
C11842,303.0,0.81,29.36,15.22,13.85,91.86,0.36,0.03,0.8,0.19,18,10,778.3,316.68,16.1,0.13,9
C11843,1957.07,0.83,191.91,71.53,86.65,1710.34,0.47,0.06,0.75,0.35,19,18,5071.82,1108.33,426.98,0.09,9
C11844,113.16,0.87,72.72,35.74,8.23,0.0,0.21,0.26,0.33,0.09,10,37,1570.05,78.65,11.65,0.25,12
C11845,1424.92,0.4,240.86,148.84,94.09,98.95,0.12,0.67,0.16,0.17,9,47,3743.47,1403.75,230.46,0.69,12
C11846,98.84,0.46,57.98,35.97,7.5,13.46,0.21,0.64,0.79,0.13,19,55,1208.05,90.39,22.03,0.12,12
C11847,1141.55,0.29,1051.27,677.72,136.8,42.05,0.97,0.19,0.98,0.07,9,37,2960.65,1329.47,244.37,0.34,12
C11848,649.28,0.5,877.23,345.88,114.4,168.01,0.99,0.49,0.1,0.05,8,29,5902.45,681.04,94.56,0.67,8
C11849,4786.33,0.23,3723.37,1760.26,1607.93,17.67,0.75,0.37,0.73,0.17,0,46,9816.99,3971.15,1092.56,0.11,11
C11850,79.65,0.8,29.11,16.03,7.89,25.3,0.84,0.57,0.52,0.17,2,48,1327.69,69.58,22.78,0.24,7
C11851,1826.9,0.84,145.25,77.34,46.89,2444.2,0.1,0.33,0.31,0.31,9,24,6294.26,1757.1,196.74,0.25,11
C11852,1356.81,0.37,737.13,515.72,82.8,169.79,0.12,0.9,0.01,0.16,6,25,2372.35,688.12,108.35,0.3,12
C11853,3920.91,0.59,4098.7,1682.57,1886.86,67.78,0.09,0.47,0.72,0.04,1,4,8991.54,2960.09,328.39,0.12,12
C11854,4322.7,0.74,3503.07,1150.89,1726.35,217.38,0.06,0.43,0.13,0.08,14,0,11018.72,2530.21,710.66,0.29,12
C11855,3824.52,0.79,124.68,56.75,24.2,1387.0,0.75,0.7,0.85,0.51,12,53,5122.89,2553.28,476.38,0.11,11
C11856,74.79,0.98,71.01,36.02,25.75,0.0,0.06,0.78,0.26,0.05,1,51,1038.63,80.83,12.48,0.19,12
C11857,45.79,0.36,55.26,25.14,20.53,0.0,0.95,0.44,0.59,0.16,19,20,1237.15,40.47,3.25,0.04,12
C11858,317.65,0.4,107.96,46.18,52.52,0.0,0.65,0.11,0.28,0.02,5,56,1516.04,350.15,35.49,0.13,10
C11859,384.04,0.88,7.59,3.06,2.23,126.92,0.17,0.09,0.7,0.1,6,5,564.36,430.96,52.53,0.07,12
C11860,99.94,0.28,624.15,293.97,121.81,21.78,0.82,0.33,0.12,0.17,3,57,2096.32,106.35,28.33,0.77,12
C11861,2690.79,0.83,48.56,27.96,11.85,2748.01,0.82,0.73,0.34,0.46,16,35,4820.67,2780.8,334.36,0.07,12
C11862,2311.68,0.31,157.64,56.68,56.09,463.55,0.56,0.65,0.51,0.64,19,31,4156.16,1424.62,143.44,0.14,12
C11863,1386.85,0.57,1021.29,659.97,295.15,165.92,0.09,0.29,0.59,0.01,19,44,4250.52,954.86,177.18,0.51,12
C11864,1757.13,0.67,640.51,356.41,84.4,184.07,0.4,0.0,0.58,0.08,1,13,3998.5,1744.57,499.41,0.35,12
C11865,2232.14,0.81,151.45,51.94,64.06,2297.07,0.55,0.64,0.08,0.56,19,28,2294.95,1586.46,350.02,0.13,12
C11866,1569.49,0.29,53.57,16.57,23.88,2256.45,0.74,0.56,0.03,0.9,1,13,7139.92,1196.9,399.66,0.02,12
C11867,173.23,0.86,15.39,4.93,4.48,122.09,0.3,0.77,0.24,0.11,14,36,2177.43,200.15,20.24,0.13,7
C11868,1834.97,0.88,1346.19,452.52,416.5,139.75,0.87,0.69,0.04,0.05,13,24,3912.28,1824.16,154.04,0.73,11
C11869,3736.76,0.83,3249.98,1811.59,964.04,62.01,0.25,0.25,0.22,0.14,17,25,10325.07,2147.31,650.81,0.04,12
C11870,759.71,0.95,110.67,74.85,34.52,113.18,1.0,0.73,0.06,0.08,10,44,1271.21,763.39,171.27,0.04,10
C11871,1469.26,0.9,642.67,227.07,90.65,0.0,0.12,0.49,0.53,0.17,7,48,2354.08,1551.03,383.92,0.89,12
C11872,4269.85,0.81,155.35,64.27,42.48,770.48,0.83,0.57,0.1,0.42,13,51,6200.4,4864.72,470.79,0.13,6
C11873,2226.16,0.66,195.06,126.08,54.45,2027.22,0.13,0.36,0.42,0.84,11,47,4743.55,2180.72,660.42,0.0,12
C11874,2122.9,0.85,187.13,93.99,93.4,1354.49,0.76,0.79,0.77,0.55,3,10,4213.62,1203.68,365.8,0.15,8
C11875,3226.01,0.98,3926.63,1848.87,469.08,192.12,0.86,0.2,0.77,0.12,13,43,9800.4,3341.15,566.4,0.06,12
C11876,426.73,0.71,0.0,0.0,0.0,152.87,0.31,0.2,0.56,0.07,13,42,1971.08,409.41,112.93,0.22,12
C11877,232.55,0.39,17.53,5.97,5.23,106.38,0.1,0.24,0.03,0.08,4,1,932.33,190.53,35.31,0.28,12
C11878,1421.04,0.4,867.62,336.49,380.79,93.98,1.0,0.79,0.54,0.15,12,11,2083.05,1467.05,,0.37,9
C11879,1676.67,0.84,1533.09,1049.87,436.16,0.0,0.97,0.73,0.25,0.03,6,30,3041.96,1454.65,321.78,0.82,12
C11880,725.12,0.99,784.26,437.12,169.72,33.16,0.76,0.27,0.57,0.05,10,18,3988.03,835.78,60.8,0.48,11
C11881,675.2,0.37,1347.53,558.57,423.27,35.77,0.39,0.14,0.91,0.02,7,47,2165.06,777.91,39.32,0.86,10
C11882,1702.57,0.98,412.29,279.86,90.21,145.98,0.13,0.03,0.6,0.05,13,46,4770.2,1119.97,482.76,0.61,10
C11883,3745.06,0.41,2272.05,1042.87,725.53,175.6,0.42,0.68,0.94,0.1,1,14,6410.71,3027.54,998.52,0.19,12
C11884,383.84,0.53,59.79,21.3,22.48,158.93,0.72,0.54,0.21,0.04,3,1,1384.28,245.26,113.57,0.06,11
C11885,264.81,0.93,70.86,48.62,22.13,194.61,0.15,0.7,0.27,0.01,9,15,1564.82,193.71,57.87,0.25,8
C11886,262.17,0.97,0.0,0.0,0.0,105.78,0.02,0.71,0.15,0.2,13,54,1090.65,172.03,55.43,0.05,10
C11887,41.88,0.65,0.0,0.0,0.0,21.37,0.9,0.84,0.08,0.09,15,54,1583.3,35.95,4.28,0.03,12
C11888,2835.81,0.96,293.86,90.81,106.83,2251.69,0.7,0.42,0.01,0.77,3,30,4078.94,1419.18,597.15,0.28,11
C11889,1567.23,0.87,596.2,246.39,290.87,42.01,0.69,0.83,0.93,0.15,12,50,2913.51,1651.83,269.72,0.81,8
C11890,412.07,0.89,125.51,85.12,37.23,152.63,0.95,0.44,0.45,0.03,19,33,1860.04,251.88,59.48,0.1,8
C11891,3924.81,0.89,2502.13,906.3,1053.6,71.27,0.52,0.71,0.94,0.1,12,59,9131.62,2715.52,865.87,0.08,8
C11892,1358.18,0.51,809.88,525.93,258.81,92.12,0.32,0.55,0.86,0.11,1,9,3906.29,845.38,96.77,0.7,12
C11893,146.5,0.22,16.53,10.05,6.31,155.49,0.91,0.92,0.74,0.03,12,29,1655.57,109.55,25.78,0.17,12
C11894,297.5,0.33,75.33,34.0,16.87,40.71,0.99,0.37,0.92,0.02,7,10,1056.18,164.79,71.26,0.26,12
C11895,352.31,0.26,111.14,72.76,54.1,177.12,0.02,0.69,0.26,0.05,0,7,1517.27,387.97,90.72,0.2,12
C11896,3406.39,0.39,2888.43,1932.6,537.42,0.0,0.33,0.6,0.86,0.05,8,9,11044.83,2692.63,587.62,0.23,11
C11897,215.39,0.24,48.84,31.59,7.99,124.52,0.36,1.0,0.68,0.06,0,0,2814.95,247.05,29.76,0.18,11
C11898,384.53,0.42,16.46,7.62,1.95,92.73,0.11,0.08,0.6,0.05,2,56,,204.91,74.25,0.0,12
C11899,374.64,0.67,50.33,26.92,15.93,166.19,0.22,0.6,0.62,0.11,3,42,500.0,232.58,30.74,0.13,12
C11900,903.09,0.31,930.63,393.15,323.45,0.0,0.02,0.23,0.91,0.06,4,29,4197.85,979.93,65.81,0.55,12
C11901,51.89,0.45,33.98,11.96,12.23,0.0,0.7,0.88,0.93,0.15,18,49,642.23,42.79,13.22,0.02,12
C11902,4008.27,0.38,3605.51,2382.68,608.94,160.0,0.11,0.79,0.18,0.01,4,34,8562.37,2170.92,327.18,0.05,12
C11903,184.9,0.28,35.6,24.65,12.84,68.73,0.89,0.66,0.08,0.12,17,25,851.2,98.49,28.53,0.27,10
C11904,1611.04,0.74,1207.98,390.7,200.58,92.74,0.58,0.48,0.27,0.15,3,29,4305.85,1814.67,246.39,0.37,12
C11905,759.43,0.91,996.29,572.96,400.5,47.22,0.36,0.68,0.81,0.09,11,25,,518.84,224.61,0.75,9
C11906,783.55,0.77,1080.36,734.32,226.98,173.02,0.81,0.55,0.1,0.06,6,24,3923.46,617.14,177.31,0.61,11
C11907,312.16,0.75,70.24,38.15,18.88,123.94,0.65,0.29,0.66,0.06,7,50,1475.74,352.09,75.43,0.2,12
C11908,5314.19,0.99,4303.61,1372.15,1062.52,119.25,0.75,0.82,0.4,0.07,10,58,8151.77,5140.66,1155.72,0.04,12
C11909,2074.73,0.79,172.46,52.77,42.61,1723.7,0.88,0.51,0.91,0.84,19,11,4380.15,2156.29,245.09,0.14,10
C11910,317.6,0.24,79.22,39.74,30.77,140.12,0.81,0.26,0.82,0.12,13,44,1964.29,263.63,44.55,0.23,12
C11911,3.42,0.37,88.67,59.94,44.26,20.62,0.78,0.66,0.51,0.12,1,3,1348.93,3.38,0.33,0.13,12
C11912,3427.32,0.71,249.3,102.6,77.51,948.06,0.73,0.02,0.38,0.39,18,47,6398.95,3115.51,635.88,0.07,11
C11913,1549.51,0.71,984.83,433.46,256.47,0.0,0.38,0.72,0.83,0.19,1,57,5405.92,959.46,107.66,0.76,12
C11914,119.5,0.87,7.4,4.58,1.61,87.48,0.65,0.47,0.24,0.18,9,43,1110.09,107.66,32.98,0.12,11
C11915,181.84,0.33,53.89,33.45,18.85,185.16,0.57,0.63,0.54,0.06,12,32,1809.57,208.73,18.02,0.15,11
C11916,3178.88,0.98,3161.16,2141.55,886.62,118.14,0.96,0.16,0.93,0.15,10,56,7691.64,2357.66,328.62,0.04,10
C11917,3607.89,0.61,4982.8,3166.41,2038.63,64.65,0.5,0.72,0.6,0.02,10,46,7605.15,3051.25,617.47,0.27,12
C11918,974.89,0.94,1053.66,566.42,361.06,108.73,0.22,0.72,0.93,0.15,14,47,2636.57,771.39,126.68,0.75,11
C11919,1604.43,0.62,133.18,89.97,35.26,1435.52,0.46,0.74,0.44,0.36,19,57,5771.88,1575.61,147.02,0.09,12
C11920,1484.89,0.35,714.81,390.12,343.97,105.29,0.41,0.47,0.63,0.07,4,32,2353.44,1394.18,440.14,0.73,12
C11921,143.63,0.48,41.04,22.19,4.29,114.19,0.47,0.64,0.94,0.08,16,48,1324.53,119.78,17.22,0.05,9
C11922,1407.36,0.38,961.43,294.39,361.3,16.8,0.58,0.55,0.74,0.12,0,53,3599.65,750.26,330.56,0.67,12
C11923,874.9,0.41,1089.24,525.21,287.9,108.52,0.95,0.23,0.91,0.06,18,28,3563.13,599.46,202.56,0.37,11
C11924,526.21,0.91,63.37,20.1,9.42,0.0,0.28,0.02,0.83,0.11,7,43,936.81,378.96,58.49,0.18,12
C11925,608.67,0.5,109.76,72.39,15.05,146.05,0.97,0.41,0.08,0.18,14,38,500.0,616.43,72.69,0.28,12
C11926,1540.67,0.35,1073.94,326.68,386.32,11.78,0.78,0.81,0.26,0.09,5,59,1501.67,1197.72,282.98,0.71,12
C11927,4258.98,0.49,4536.43,1918.01,721.79,194.21,0.18,0.32,0.74,0.04,18,37,8170.1,3257.32,,0.07,12
C11928,266.75,0.69,111.8,78.04,49.46,0.0,0.28,0.75,0.89,0.11,10,43,2257.02,216.63,62.66,0.03,12
C11929,738.37,0.36,962.01,594.55,215.85,233.95,0.91,0.64,0.8,0.13,13,55,2292.29,592.46,92.86,0.4,7
C11930,609.53,0.24,1228.38,740.79,291.78,0.0,0.8,0.35,0.31,0.11,4,0,4771.86,610.97,37.06,0.69,12
C11931,953.51,0.9,1006.29,588.84,366.34,4.01,0.14,0.0,0.62,0.0,10,8,,924.16,192.47,0.53,12
C11932,3669.12,0.39,2741.3,878.58,515.54,123.92,0.58,0.43,0.66,0.13,15,19,8684.4,3793.89,619.84,0.19,12
C11933,3790.32,0.95,3565.28,1480.59,366.57,149.5,0.28,0.39,0.44,0.01,11,41,10016.53,2445.47,515.38,0.12,12
C11934,3419.31,0.24,5395.03,3341.58,1501.61,77.33,0.63,0.14,0.59,0.08,3,26,10021.61,3484.33,723.37,0.1,11
C11935,301.98,0.72,8.36,5.5,2.6,171.41,0.17,0.82,0.99,0.08,18,51,944.56,213.6,86.95,0.05,12
C11936,1008.13,0.73,1196.51,526.49,333.06,36.28,0.35,0.96,0.54,0.17,4,4,2110.82,504.11,278.12,0.39,12
C11937,1045.21,0.32,1088.39,439.46,308.23,68.02,0.39,0.12,0.19,0.17,2,21,4159.87,990.56,226.2,0.76,12
C11938,311.54,0.73,4.38,1.73,1.61,75.83,0.54,0.23,0.5,0.16,12,8,1992.98,158.35,90.29,0.01,11
C11939,391.19,0.51,65.51,34.02,28.71,56.93,0.24,0.63,0.18,0.16,11,42,1346.6,222.43,58.25,0.17,6
C11940,594.22,0.51,30.28,12.61,7.45,0.0,0.73,0.95,0.69,0.04,9,16,1721.38,314.22,44.72,0.12,12
C11941,671.15,0.9,882.83,272.38,367.29,98.03,0.81,0.93,0.9,0.14,7,14,2843.59,620.44,109.44,0.39,12
C11942,1518.42,0.96,852.9,389.18,106.68,90.8,0.64,0.93,0.68,0.15,0,36,3852.88,980.17,326.61,0.44,12
C11943,529.12,0.34,121.12,63.17,35.38,186.25,0.9,0.44,0.88,0.16,13,5,1090.04,564.26,132.47,0.06,12
C11944,4256.84,0.75,2776.38,1537.27,695.37,0.0,0.79,0.99,0.73,0.16,4,55,6657.1,3190.14,1211.06,0.23,12
C11945,2535.98,0.32,168.77,73.78,48.33,1405.03,0.04,0.36,0.44,0.4,12,1,4939.28,1862.99,454.67,0.13,11
C11946,337.54,0.23,77.06,32.79,10.53,196.28,0.08,0.09,0.54,0.05,17,20,1384.52,290.4,48.36,0.24,12
C11947,2386.51,0.32,93.83,38.8,14.59,2199.67,0.66,0.7,0.53,0.45,7,31,2892.5,2488.0,287.37,0.29,12
C11948,354.16,0.71,86.53,47.53,18.81,143.95,0.72,0.56,0.39,0.03,11,0,745.97,349.72,71.44,0.12,10
C11949,3702.67,0.78,141.06,58.32,29.54,2111.1,0.97,0.8,0.09,0.81,13,3,5478.02,2386.67,826.4,0.17,12
C11950,2332.2,0.61,110.35,73.58,28.03,1693.87,0.0,0.62,0.7,0.68,11,58,6913.38,2412.56,485.33,0.29,12
C11951,291.24,0.96,0.0,0.0,0.0,245.68,0.24,0.82,0.05,0.19,10,35,1547.71,248.95,28.77,0.05,10
C11952,3161.73,0.81,1884.25,1161.41,355.12,107.32,0.83,0.34,0.2,0.07,9,1,11079.17,3766.2,510.78,0.02,11
C11953,3001.64,0.33,237.36,101.56,82.53,3606.59,0.89,0.29,0.45,0.47,3,22,4094.81,2586.71,205.82,0.14,12
C11954,3456.68,0.37,248.15,137.45,62.12,2642.49,0.46,0.76,0.99,0.43,13,19,937.38,2420.8,622.53,0.15,12
C11955,3637.15,0.68,253.01,146.65,31.39,2309.53,0.48,0.5,0.31,0.89,12,0,5892.57,3756.44,376.63,0.28,12
C11956,1095.27,0.47,1196.37,442.36,236.26,91.21,0.85,0.18,0.79,0.03,8,34,2784.7,570.09,298.23,0.5,12
C11957,337.19,0.2,24.32,10.99,7.88,129.61,0.46,0.38,0.42,0.04,0,13,833.37,339.63,84.99,0.13,12
C11958,2943.66,0.22,3187.08,1118.77,1092.38,34.29,0.79,0.8,0.22,0.17,0,38,9908.62,2591.09,685.47,0.15,8
C11959,760.76,0.53,617.89,311.58,259.43,59.18,0.95,0.92,0.03,0.08,16,44,3282.57,473.92,59.42,0.58,12
C11960,1008.82,0.62,718.18,476.7,142.34,138.07,0.26,0.76,0.09,0.0,2,25,5625.21,521.43,163.13,0.73,11
C11961,931.07,0.72,617.15,332.33,200.5,56.11,0.27,0.72,0.42,0.13,18,22,4423.0,495.89,88.5,0.87,12
C11962,1247.13,0.81,1368.8,794.81,397.56,177.87,0.94,0.81,0.4,0.01,1,38,2836.55,694.97,76.01,0.32,12
C11963,224.11,0.98,101.87,42.09,44.76,21.11,0.42,0.2,0.63,0.18,1,43,2486.01,188.57,33.76,0.05,12
C11964,4316.14,0.87,3509.73,1710.26,1375.8,20.84,0.02,0.58,0.06,0.05,4,23,8139.49,4295.9,554.33,0.26,11
C11965,582.68,0.48,92.73,55.3,14.17,252.48,0.5,0.59,0.28,0.05,5,48,1894.81,345.91,162.89,0.29,12
C11966,3747.1,0.63,2689.78,948.2,1300.53,0.0,0.62,0.95,0.02,0.08,6,17,7333.43,2290.52,1054.87,0.29,9
C11967,3118.7,0.37,3740.93,1304.4,905.63,97.86,0.24,0.02,0.87,0.02,2,47,7873.32,3336.44,884.8,0.29,12
C11968,530.02,0.98,1323.13,515.72,637.53,248.12,0.73,0.97,0.4,0.0,2,22,4142.02,349.57,28.4,0.89,10
C11969,1059.08,0.63,881.96,348.13,188.82,97.71,0.23,0.73,0.58,0.18,15,40,1986.98,1143.31,190.34,0.43,12
C11970,413.75,0.4,15.21,10.42,4.37,207.74,0.12,0.02,0.71,0.17,18,59,1686.54,234.4,22.57,0.02,11
C11971,2427.7,0.78,77.73,28.25,24.89,2464.9,0.25,0.52,0.27,0.7,1,44,4623.97,2636.11,488.25,0.08,8
C11972,2862.59,0.59,3248.69,1111.25,407.5,99.42,0.53,0.07,0.13,0.14,12,19,6490.95,2899.26,506.98,0.24,12
C11973,418.29,1.0,856.76,304.21,330.94,89.55,0.86,0.6,0.58,0.0,10,34,2271.84,252.38,65.92,0.4,12
C11974,319.22,0.26,40.87,15.58,5.8,0.0,0.53,0.45,0.9,0.19,13,12,500.0,235.12,20.16,0.19,12
C11975,69.32,0.47,67.26,30.1,11.14,74.47,0.85,0.77,0.89,0.14,7,27,1655.25,50.83,5.28,0.18,12
C11976,544.95,0.95,1128.37,427.5,243.84,118.58,0.06,0.58,0.31,0.08,4,37,2903.76,323.53,69.89,0.8,12
C11977,2329.11,0.57,63.35,21.23,30.68,1933.31,0.37,0.79,0.27,0.31,15,3,6558.84,1779.4,257.37,0.11,12
C11978,4879.35,0.45,3015.58,1069.47,1475.36,297.27,0.44,0.37,0.35,0.11,12,23,8820.67,4754.85,462.11,0.27,11
C11979,335.27,0.68,40.85,25.16,12.08,122.48,0.8,0.86,0.25,0.13,12,58,1751.15,339.08,88.12,0.07,12
C11980,1687.08,0.73,135.98,69.08,42.61,1621.66,0.61,0.87,0.96,0.87,2,59,4347.61,1083.16,96.37,0.23,12
C11981,983.64,0.27,1167.69,698.69,215.72,193.2,0.79,0.66,0.03,0.19,10,50,3029.01,988.8,,0.75,12
C11982,3034.88,0.41,143.65,53.25,38.38,1566.3,0.34,0.26,0.19,0.32,18,42,3504.13,2083.94,847.51,0.25,11
C11983,270.17,0.45,0.0,0.0,0.0,93.12,0.93,0.99,0.03,0.18,10,40,1423.51,143.12,72.38,0.23,12
C11984,1507.39,0.4,862.32,597.52,359.0,93.51,0.81,0.82,0.85,0.11,17,31,4061.74,959.07,209.24,0.4,12
C11985,1212.24,0.51,184.11,61.54,69.77,1933.86,0.92,0.85,0.47,0.49,15,38,5623.57,896.53,304.4,0.04,10
C11986,178.65,0.47,89.45,42.53,18.91,135.54,0.26,0.01,0.23,0.13,7,14,2658.06,93.82,15.73,0.24,12
C11987,3329.74,0.79,5194.38,2172.85,2104.89,86.37,0.01,0.83,0.4,0.11,9,34,8429.35,1887.0,699.6,0.09,12
C11988,554.93,0.68,254.95,77.23,124.06,1790.84,0.62,0.22,0.11,0.51,6,33,2536.75,415.85,150.27,0.07,8
C11989,342.5,0.54,116.47,60.68,57.68,19.27,0.49,0.51,0.11,0.12,8,5,1596.76,392.92,57.54,0.06,12
C11990,285.52,0.36,6.7,3.49,2.28,111.75,0.78,0.7,0.95,0.08,3,16,2450.83,269.84,26.19,0.22,12
C11991,5046.33,0.54,4889.41,2093.57,803.29,224.17,0.1,0.41,0.7,0.07,0,19,7670.21,5823.79,982.52,0.28,12
C11992,242.45,0.34,15.89,7.77,7.71,82.03,0.6,0.24,0.64,0.14,14,41,631.3,127.55,57.47,0.2,10
C11993,475.38,0.96,0.0,0.0,0.0,247.44,0.2,0.5,0.47,0.18,5,20,1576.52,526.57,126.64,0.08,10
C11994,1711.11,0.34,871.31,423.18,100.49,113.09,0.51,0.3,0.49,0.04,17,12,4371.47,1018.09,247.74,0.39,11
C11995,3418.4,0.89,2765.37,1767.68,366.68,95.48,0.16,0.62,0.77,0.16,7,47,7722.25,2276.18,413.69,0.07,6
C11996,456.45,0.69,43.06,25.22,14.25,109.33,0.91,0.11,0.05,0.03,12,30,1498.28,260.28,101.05,0.02,8
C11997,419.32,0.85,129.34,53.3,56.15,75.09,0.18,0.41,0.67,0.12,11,36,1409.76,330.36,47.16,0.23,12
C11998,3673.82,0.91,3329.54,1317.89,1586.89,0.0,0.58,0.59,0.55,0.17,5,20,8757.15,2357.55,406.67,0.03,12
C11999,1041.98,0.84,1094.02,645.57,522.69,170.41,0.01,0.99,0.31,0.18,13,23,2287.08,1060.27,99.6,0.43,12
